#key	style	ss_system_id	encoding
007 - The World Is Not Enough (USA, Europe)	sstitle	10	lossless
10-Pin Bowling (USA) (Rumble Version)	sstitle	10	lossless
102 Dalmatians - Puppies to the Rescue (USA, Europe)	sstitle	10	lossless
1942 (USA, Europe)	sstitle	10	lossless
3-D Ultra Pinball - Thrillride (USA) (Rumble Version)	sstitle	10	lossless
3D Pocket Pool (Europe) (En,Fr,De,Es,It,Nl)	sstitle	10	lossless
720 Degrees (USA, Europe) (GB Compatible)	sstitle	10	lossless
Action Man - Search for Base X (USA, Europe)	sstitle	10	lossless
Adventures of the Smurfs, The (Europe) (En,Fr,De,Es,It,Nl)	sstitle	10	lossless
AirForce Delta (USA)	sstitle	10	lossless
Aladdin (USA)	sstitle	10	lossless
Alfred's Adventure (Europe) (En,Fr,De,Es,It)	sstitle	10	lossless
Alice in Wonderland (USA, Australia)	sstitle	10	lossless
Aliens - Thanatos Encounter (USA, Europe)	sstitle	10	lossless
All Star Tennis 2000 (Europe) (AZTP) (GB Compatible)	sstitle	10	lossless
All-Star Baseball 2000 (USA, Europe)	sstitle	10	lossless
All-Star Baseball 2001 (USA)	sstitle	10	lossless
Alone in the Dark - The New Nightmare (USA) (En,Fr,Es)	sstitle	10	lossless
Animal Breeder 3 (Japan) (SGB Enhanced) (GB Compatible)	sstitle	10	lossless
Animal Breeder 4 (Japan)	sstitle	10	lossless
Animastar GB (Japan)	sstitle	10	lossless
Animorphs (USA)	sstitle	10	lossless
Antz (USA) (En,Fr,Es) (GB Compatible)	sstitle	10	lossless
Antz Racing (USA) (En,Fr,De,Es,It,Nl)	sstitle	10	lossless
Antz World Sportz (Europe) (En,Fr,De,Es,It,Nl)	sstitle	10	lossless
Aqualife (Japan) (SGB Enhanced) (GB Compatible)	sstitle	10	lossless
Arle no Bouken - Mahou no Jewel (Japan) (SGB Enhanced) (GB Compatible)	sstitle	10	lossless
Armada - FX Racers (USA)	sstitle	10	lossless
Armorines - Project S.W.A.R.M. (USA, Europe) (En,De)	sstitle	10	lossless
Army Men (USA, Europe) (En,Fr,De)	sstitle	10	lossless
Army Men - Air Combat (USA, Europe) (En,Fr,De)	sstitle	10	lossless
Army Men - Sarge's Heroes 2 (USA, Europe) (En,Fr,De)	sstitle	10	lossless
Army Men 2 (USA, Europe) (En,Fr,De)	sstitle	10	lossless
Arthur's Absolutely Fun Day! (USA)	sstitle	10	lossless
Asterix & Obelix (Europe) (En,Fr,De,Es)	sstitle	10	lossless
Asterix & Obelix Contre Cesar (Europe) (En,Fr,De,Es,Nl) (GB Compatible)	sstitle	10	lossless
Asterix - Sur la Trace D'Idefix (Europe) (En,Fr,De,Es,It,Nl)	sstitle	10	lossless
Asteroids (World) (ModRetro Chromatic)	sstitle	10	lossless
Atlantis - The Lost Empire (USA, Europe)	sstitle	10	lossless
Austin Powers - Oh, Behave! (USA)	sstitle	10	lossless
Austin Powers - Welcome to My Underground Lair! (USA)	sstitle	10	lossless
Azarashi Sentai Inazuma - Dokidoki Daisakusen! (Japan)	sstitle	10	lossless
Azure Dreams (USA) (SGB Enhanced) (GB Compatible)	sstitle	10	lossless
B-Daman Bakugaiden - Victory e no Michi (Japan) (SGB Enhanced) (GB Compatible)	sstitle	10	lossless
B-Daman Bakugaiden V - Final Mega Tune (Japan)	sstitle	10	lossless
Babe and Friends (USA) (GB Compatible)	sstitle	10	lossless
Baby Felix - Halloween (Europe) (En,Fr,De,Es,It,Nl)	sstitle	10	lossless
Backgammon (Europe) (En,Fr,De,Es) (GB Compatible)	sstitle	10	lossless
Bad Badtz-Maru Robo Battle (Japan)	sstitle	10	lossless
Bakukyuu Renpatsu!! Super B-Daman - Gekitan! Rising Valkyrie!! (Japan) (SGB Enhanced) (GB Compatible)	sstitle	10	lossless
Bakusou Dekotora Densetsu GB Special - Otoko Dokyou no Tenka Touitsu (Japan)	sstitle	10	lossless
Bakuten Shoot Beyblade (Japan)	sstitle	10	lossless
Ballistic (USA) (GB Compatible)	sstitle	10	lossless
Balloon Fight GB (Japan) (SGB Enhanced, GB Compatible) (NP)	sstitle	10	lossless
Barbie - Fashion Pack Games (USA, Europe) (GB Compatible)	sstitle	10	lossless
Barbie - Magic Genie Adventure (USA)	sstitle	10	lossless
Barbie - Ocean Discovery (USA) (GB Compatible)	sstitle	10	lossless
Barbie - Pet Rescue (USA)	sstitle	10	lossless
Barca Total 2000 (Europe) (En,Fr,De,Es,It,Nl,Ca)	sstitle	10	lossless
Barcode Taisen Bardigun (Japan) (SGB Enhanced) (GB Compatible)	sstitle	10	lossless
Bass Masters Classic (USA, Europe) (GB Compatible)	sstitle	10	lossless
Batman - Chaos in Gotham (USA)	sstitle	10	lossless
Batman Beyond - Return of the Joker (USA)	sstitle	10	lossless
Battle Fishers (Japan)	sstitle	10	lossless
BattleTanx (USA)	sstitle	10	lossless
Battleship (USA, Europe) (GB Compatible)	sstitle	10	lossless
Beatmania GB (Japan) (SGB Enhanced) (GB Compatible)	sstitle	10	lossless
Beatmania GB - Gotcha Mix 2 (Japan)	sstitle	10	lossless
Beatmania GB 2 - Gotcha Mix (Japan) (SGB Enhanced) (GB Compatible)	sstitle	10	lossless
Beauty and the Beast - A Board Game Adventure (USA, Australia) (SGB Enhanced) (GB Compatible)	sstitle	10	lossless
Benjamin Bluemchen - Ein verrueckter Tag im Zoo (Germany)	sstitle	10	lossless
Beyblade - Fighting Tournament (Japan)	sstitle	10	lossless
Bibi Blocksberg - Im Bann der Hexenkugel (Germany)	sstitle	10	lossless
Bibi und Tina - Fohlen Felix in Gefahr (Germany)	sstitle	10	lossless
Bikkuriman 2000 - Charging Card GB (Japan) (SGB Enhanced) (GB Compatible)	sstitle	10	lossless
Billy Bob's Huntin' 'n' Fishin' (USA, Europe)	sstitle	10	lossless
Bionic Commando - Elite Forces (USA, Australia)	sstitle	10	lossless
Black Bass - Lure Fishing (USA, Europe) (GB Compatible)	sstitle	10	lossless
Black Onyx, The (Japan)	sstitle	10	lossless
Blade (USA, Europe)	sstitle	10	lossless
Blaster Master - Enemy Below (USA, Europe) (SGB Enhanced) (GB Compatible)	sstitle	10	lossless
Blue's Clues - Blue's Alphabet Book (USA)	sstitle	10	lossless
Boarder Zone (USA)	sstitle	10	lossless
Bob et Bobette - Les Dompteurs du Temps (Europe) (Fr,Nl)	sstitle	10	lossless
Bob the Builder - Fix it Fun! (USA)	sstitle	10	lossless
Boku no Camp-jou (Japan)	sstitle	10	lossless
Bomberman Max - Ain Version (Japan)	sstitle	10	lossless
Bomberman Max - Blue Champion (USA)	sstitle	10	lossless
Bomberman Max - Red Challenger (USA)	sstitle	10	lossless
Bomberman Quest (USA) (SGB Enhanced) (GB Compatible)	sstitle	10	lossless
Bomberman Selection (Korea)	sstitle	10	lossless
Bouken! Dondoko Shima (Japan)	sstitle	10	lossless
Brave Saga - Shinshou Astaria (Japan)	sstitle	10	lossless
Buffy the Vampire Slayer (USA, Europe)	sstitle	10	lossless
Bug's Life, A (USA) (SGB Enhanced) (GB Compatible)	sstitle	10	lossless
Bugs Bunny - Crazy Castle 3 (USA, Europe) (GB Compatible)	sstitle	10	lossless
Bugs Bunny in - Crazy Castle 4 (USA)	sstitle	10	lossless
Burger Burger Pocket - Hamburger Simulation (Japan) (SGB Enhanced) (GB Compatible)	sstitle	10	lossless
Burger Paradise International (Japan)	sstitle	10	lossless
Bust-A-Move 4 (USA, Europe) (GB Compatible)	sstitle	10	lossless
Bust-A-Move Millennium (USA, Europe)	sstitle	10	lossless
Buzz Lightyear of Star Command (USA, Europe)	sstitle	10	lossless
Caesars Palace II (USA, Europe)	sstitle	10	lossless
Cannon Fodder (USA) (En,Fr,De,Es,It)	sstitle	10	lossless
Card Sharks (USA) (Proto)	sstitle	10	lossless
Cardcaptor Sakura - Itsumo Sakura-chan to Issho (Japan) (GB Compatible)	sstitle	10	lossless
Cardcaptor Sakura - Tomoeda Shougakkou Daiundoukai (Japan)	sstitle	10	lossless
Carl Lewis Athletics 2000 (Europe) (En,Fr,De,Es,It,Nl)	sstitle	10	lossless
Carmageddon - Carpocalypse Now (USA, Europe) (En,Fr,Es,It)	sstitle	10	lossless
Casper (USA)	sstitle	10	lossless
Caterpillar Construction Zone (USA, Europe) (GB Compatible)	sstitle	10	lossless
Catwoman (USA)	sstitle	10	lossless
Catz (USA)	sstitle	10	lossless
Centipede (World) (ModRetro Chromatic)	sstitle	10	lossless
Championship Motocross 2001 featuring Ricky Carmichael (USA, Europe)	sstitle	10	lossless
Chase H.Q. - Secret Police (USA) (SGB Enhanced) (GB Compatible)	sstitle	10	lossless
Checkmate (Japan) (En,Ja) (GB Compatible)	sstitle	10	lossless
Chee-Chai Alien (Japan) (Rumble Version)	sstitle	10	lossless
Chessmaster (USA, Europe) (GB Compatible)	sstitle	10	lossless
Chi to Ase to Namida no Koukou Yakyuu (Japan)	sstitle	10	lossless
Chibi Maruko-chan - Go Chounai Minna de Game Da yo! (Japan)	sstitle	10	lossless
Chicken Run (USA, Europe) (En,Fr,De,Es,It)	sstitle	10	lossless
Choro Q - Hyper Customable GB (Japan) (SGB Enhanced) (GB Compatible)	sstitle	10	lossless
Classic Bubble Bobble (USA) (SGB Enhanced) (GB Compatible)	sstitle	10	lossless
Colin McRae Rally (Europe)	sstitle	10	lossless
Columns GB - Tezuka Osamu Characters (Japan) (SGB Enhanced) (GB Compatible)	sstitle	10	lossless
Command Master (Japan)	sstitle	10	lossless
Commander Keen (USA, Europe)	sstitle	10	lossless
Conker's Pocket Tales (USA, Europe) (En,Fr,De) (SGB Enhanced) (GB Compatible)	sstitle	10	lossless
Cool Bricks (Europe) (En,Fr,De,Es,It)	sstitle	10	lossless
Croc (USA, Europe)	sstitle	10	lossless
Croc 2 (World) (ModRetro Chromatic)	sstitle	10	lossless
Cross Hunter - Monster Hunter Version (Japan)	sstitle	10	lossless
Cross Hunter - Treasure Hunter Version (Japan)	sstitle	10	lossless
Cross Hunter - X Hunter Version (Japan)	sstitle	10	lossless
Cruis'n Exotica (USA)	sstitle	10	lossless
Crystalis (USA)	sstitle	10	lossless
Cubix - Robots for Everyone - Race 'n Robots (USA) (En,Fr,De,Es,It)	sstitle	10	lossless
CyberTiger (USA, Europe)	sstitle	10	lossless
Cyborg Kuro-chan - Devil Fukkatsu (Japan)	sstitle	10	lossless
Cyborg Kuro-chan 2 - White Woods no Gyakushuu (Japan)	sstitle	10	lossless
DT - Lords of Genomes (Japan) (SGB Enhanced) (GB Compatible)	sstitle	10	lossless
DX Jinsei Game (Japan)	sstitle	10	lossless
DX Monopoly GB (Japan) (SGB Enhanced) (GB Compatible)	sstitle	10	lossless
Daa! Daa! Daa! - Totsuzen Card de Battle de Uranai de! (Japan)	sstitle	10	lossless
Daffy Duck - Fowl Play (USA, Europe) (GB Compatible)	sstitle	10	lossless
Daikaijuu Monogatari - Poyon no Dungeon Room (Japan) (SGB Enhanced) (GB Compatible)	sstitle	10	lossless
Daikaijuu Monogatari - Poyon no Dungeon Room 2 (Japan)	sstitle	10	lossless
Daikaijuu Monogatari - The Miracle of the Zone II (Japan) (SGB Enhanced) (GB Compatible)	sstitle	10	lossless
Daiku no Gen-san - Kachikachi no Tonkachi ga Kachi (Japan) (SGB Enhanced) (GB Compatible)	sstitle	10	lossless
Dance Dance Revolution GB (Japan)	sstitle	10	lossless
Dance Dance Revolution GB - Disney Mix (Japan)	sstitle	10	lossless
Dance Dance Revolution GB 2 (Japan)	sstitle	10	lossless
Dance Dance Revolution GB 3 (Japan)	sstitle	10	lossless
Dancing Furby (Japan) (GB Compatible)	sstitle	10	lossless
Data-Navi Pro Yakyuu (Japan)	sstitle	10	lossless
Data-Navi Pro Yakyuu 2 (Japan)	sstitle	10	lossless
Dave Mirra Freestyle BMX (USA, Europe)	sstitle	10	lossless
David Beckham Soccer (Europe) (En,Fr,De,Es,It)	sstitle	10	lossless
Dear Daniel no Sweet Adventure - Kitty-chan o Sagashite (Japan) (SGB Enhanced) (GB Compatible)	sstitle	10	lossless
Deer Hunter (USA)	sstitle	10	lossless
Deja Vu I & II - The Casebooks of Ace Harding (USA)	sstitle	10	lossless
Dejiko no Mahjong Party (Japan)	sstitle	10	lossless
Denki Blocks! (Europe) (En,Fr,De,Es,It)	sstitle	10	lossless
Densha de Go! (Japan)	sstitle	10	lossless
Densha de Go! 2 (Japan)	sstitle	10	lossless
Dexter's Laboratory - Robot Rampage (USA, Europe)	sstitle	10	lossless
Dino Breeder 3 - Gaia Fukkatsu (Japan) (SGB Enhanced) (GB Compatible)	sstitle	10	lossless
Dino Breeder 4 (Japan) (SGB Enhanced) (GB Compatible)	sstitle	10	lossless
Dinosaur (USA)	sstitle	10	lossless
Dinosaur'us (Europe) (En,Fr,De,Es,It,Nl)	sstitle	10	lossless
Diva Starz - Mall Mania (USA)	sstitle	10	lossless
Dogz (USA)	sstitle	10	lossless
Dokapon! - Millennium Quest (Japan) (SGB Enhanced) (GB Compatible)	sstitle	10	lossless
Doki x Doki Sasete!! (Japan)	sstitle	10	lossless
Dokidoki Densetsu - Mahoujin Guruguru (Japan)	sstitle	10	lossless
Donald Duck - Goin' Quackers (USA) (En,Fr,De,Es,It)	sstitle	10	lossless
Donkey Kong Country (USA, Europe) (En,Fr,De,Es,It)	sstitle	10	lossless
Donkey Kong GB - Dinky Kong & Dixie Kong (Japan)	sstitle	10	lossless
Doraemon - Aruke Aruke Labyrinth (Japan) (GB Compatible)	sstitle	10	lossless
Doraemon - Kimi to Pet no Monogatari (Japan) (GB Compatible)	sstitle	10	lossless
Doraemon Kart 2 (Japan) (SGB Enhanced) (GB Compatible)	sstitle	10	lossless
Doraemon Memories - Nobita no Omoide Daibouken (Japan) (GB Compatible)	sstitle	10	lossless
Doraemon no Quiz Boy (Japan)	sstitle	10	lossless
Doraemon no Quiz Boy 2 (Japan)	sstitle	10	lossless
Doraemon no Study Boy - Gakushuu Kanji Game (Japan)	sstitle	10	lossless
Doraemon no Study Boy - Kanji Yomikaki Master (Japan)	sstitle	10	lossless
Doraemon no Study Boy - Kuku Game (Japan)	sstitle	10	lossless
Doug's Big Game (USA)	sstitle	10	lossless
Dr. Rin ni Kiitemite! - Koi no Rin Fuusui (Japan)	sstitle	10	lossless
Dracula - Crazy Vampire (USA)	sstitle	10	lossless
Dragon Ball Z - Legendary Super Warriors (USA)	sstitle	10	lossless
Dragon Dance (USA) (SGB Enhanced) (GB Compatible)	sstitle	10	lossless
Dragon Tales - Dragon Adventures (USA)	sstitle	10	lossless
Dragon Tales - Dragon Wings (USA)	sstitle	10	lossless
Dragon Warrior I & II (USA) (SGB Enhanced) (GB Compatible)	sstitle	10	lossless
Dragon Warrior III (USA)	sstitle	10	lossless
Dragon Warrior Monsters (USA, Europe) (SGB Enhanced) (GB Compatible)	sstitle	10	lossless
Dragon Warrior Monsters 2 - Cobi's Journey (USA) (SGB Enhanced) (GB Compatible)	sstitle	10	lossless
Dragon Warrior Monsters 2 - Tara's Adventure (USA) (SGB Enhanced) (GB Compatible)	sstitle	10	lossless
Dragon's Lair (USA, Europe) (En,Ja,Fr,De,Es,Zh)	sstitle	10	lossless
Driver - You Are the Wheelman (USA) (En,Fr,De,Es,It)	sstitle	10	lossless
Dropzone (Europe) (GB Compatible)	sstitle	10	lossless
Duke Nukem (USA) (En,Fr,De,Es,It)	sstitle	10	lossless
Dukes of Hazzard, The - Racing for Home (USA)	sstitle	10	lossless
Dungeon Savior (Japan) (SGB Enhanced) (GB Compatible)	sstitle	10	lossless
DynaMike (Europe) (Proto)	sstitle	10	lossless
E.T. - The Extra-Terrestrial - Digital Companion (USA)	sstitle	10	lossless
E.T. - The Extra-Terrestrial - Escape from Planet Earth (USA)	sstitle	10	lossless
E.T. - The Extra-Terrestrial and the Cosmic Garden (USA)	sstitle	10	lossless
ECW Hardcore Revolution (USA, Europe)	sstitle	10	lossless
ESPN International Track & Field (USA)	sstitle	10	lossless
ESPN National Hockey Night (USA)	sstitle	10	lossless
Earthworm Jim - Menace 2 the Galaxy (USA, Europe) (GB Compatible)	sstitle	10	lossless
Elemental Fighter (USA) (Proto)	sstitle	10	lossless
Elevator Action EX (Europe) (En,Fr,De,Es,It)	sstitle	10	lossless
Elie no Atelier GB (Japan) (SGB Enhanced) (GB Compatible)	sstitle	10	lossless
Emperor's New Groove, The (USA)	sstitle	10	lossless
Evel Knievel (USA) (GB Compatible)	sstitle	10	lossless
Extreme Ghostbusters (Europe) (En,Fr,De,Es,It,Pt)	sstitle	10	lossless
Extreme Sports with the Berenstain Bears (USA, Europe) (En,Fr,De,Es,It)	sstitle	10	lossless
F-1 World Grand Prix (Europe) (En,Fr,De,Es)	sstitle	10	lossless
F-18 Thunder Strike (USA, Europe)	sstitle	10	lossless
F.A. Premier League Stars 2001, The (Europe)	sstitle	10	lossless
F1 Championship Season 2000 (Europe) (En,Fr,De,Es,It)	sstitle	10	lossless
F1 Racing Championship (Europe) (En,Fr,De,Es,It)	sstitle	10	lossless
F1 World Grand Prix II for Game Boy Color (USA) (En,Fr,De,Es)	sstitle	10	lossless
FGB (USA) (Proto) (2001-05-15)	sstitle	10	lossless
FIFA 2000 (USA, Europe) (SGB Enhanced) (GB Compatible)	sstitle	10	lossless
Fairy Kitty no Kaiun Jiten - Yousei no Kuni no Uranai Shugyou (Japan) (SGB Enhanced) (GB Compatible)	sstitle	10	lossless
Ferret Monogatari (Japan)	sstitle	10	lossless
Fish Files, The (Europe) (En,Fr,De,Es,It)	sstitle	10	lossless
Fix & Foxi - Episode 1 - Lupo (Europe) (En,Fr,De)	sstitle	10	lossless
Flintstones, The - Burgertime in Bedrock (USA)	sstitle	10	lossless
Flipper & Lopaka (Europe) (En,Fr,De,Es,It,Nl,Pt,Sv,No,Da)	sstitle	10	lossless
Floracy (Europe) (Proto) (2000-10-10)	sstitle	10	lossless
Force 21 (USA) (En,Fr,De)	sstitle	10	lossless
Formula One 2000 (USA)	sstitle	10	lossless
Fort Boyard (Europe) (En,Fr,De,Es,It,Nl,Pt)	sstitle	10	lossless
Frogger (USA) (GB Compatible)	sstitle	10	lossless
Frogger 2 (USA)	sstitle	10	lossless
From TV Animation One Piece - Maboroshi no Grand Line Boukenki! (Japan) (SGB Enhanced) (GB Compatible)	sstitle	10	lossless
From TV Animation One Piece - Yume no Luffy Kaizokudan Tanjou! (Japan) (SGB Enhanced) (GB Compatible)	sstitle	10	lossless
Front Row (Japan)	sstitle	10	lossless
Fushigi no Dungeon - Fuurai no Shiren GB 2 - Sabaku no Majou (Japan) (AFMJ)	sstitle	10	lossless
GB Harobots (Japan)	sstitle	10	lossless
GB Karan Koron Gakuen - Hanafuda Mahjong (Japan)	sstitle	10	lossless
Gaiamaster Duel - Card Attackers (Japan)	sstitle	10	lossless
Gakkyuu Ou Yamazaki (Japan) (Rev 1) (GB Compatible)	sstitle	10	lossless
Galaga - Destination Earth (USA)	sstitle	10	lossless
Gambler Densetsu Tetsuya - Shinjuku Tenun Hen (Japan)	sstitle	10	lossless
Game & Watch Gallery 2 (USA, Europe) (SGB Enhanced) (GB Compatible)	sstitle	10	lossless
Game & Watch Gallery 3 (USA, Europe) (SGB Enhanced) (GB Compatible)	sstitle	10	lossless
Game Boy Wars 2 (Japan) (SGB Enhanced) (GB Compatible)	sstitle	10	lossless
Game Boy Wars 3 (Japan)	sstitle	10	lossless
Game Conveni 21 (Japan) (GB Compatible)	sstitle	10	lossless
Ganbare Goemon - Mononoke Douchuu Tobidase Nabebugyou! (Japan) (SGB Enhanced) (GB Compatible)	sstitle	10	lossless
Ganbare Goemon - Seikuushi Dynamites Arawaru!! (Japan)	sstitle	10	lossless
Ganbare Goemon - Tengutou no Gyakushuu (Japan) (GB Compatible)	sstitle	10	lossless
Geheimnis der Happy Hippo-Insel, Das (Germany)	sstitle	10	lossless
Gekido (Europe) (Proto) (2000-09-04)	sstitle	10	lossless
Gekisou Dangun Racer - Onsoku Buster Dangun Dan (Japan)	sstitle	10	lossless
Gensou Maden Saiyuuki - Sabaku no Shijin (Japan)	sstitle	10	lossless
Get Chuu Club - Minna no Konchuu Daizukan (Japan) (Rumble Version) (SGB Enhanced) (GB Compatible)	sstitle	10	lossless
Get!! Loto Club (Japan) (Proto) (GB Compatible)	sstitle	10	lossless
Gex - Enter the Gecko (USA, Europe) (GB Compatible)	sstitle	10	lossless
Gex 3 - Deep Pocket Gecko (USA)	sstitle	10	lossless
Ghosts'n Goblins (USA, Europe) (GB Compatible)	sstitle	10	lossless
Gift (Europe)	sstitle	10	lossless
Gimmick Land (Japan) (Proto)	sstitle	10	lossless
Gobs of Games (USA) (En,Fr,De)	sstitle	10	lossless
Godzilla - The Series (USA) (En,Fr,De) (GB Compatible)	sstitle	10	lossless
Godzilla - The Series - Monster Wars (USA) (En,Fr,De)	sstitle	10	lossless
Gold and Glory - The Road to El Dorado (USA)	sstitle	10	lossless
Golden Goal (Europe) (En,Fr,De,Es,It,Nl,Sv) (GB Compatible)	sstitle	10	lossless
Golf Daisuki! (Japan) (En) (SGB Enhanced) (GB Compatible)	sstitle	10	lossless
Golf Ou - The King of Golf (Japan) (SGB Enhanced) (GB Compatible)	sstitle	10	lossless
Gonta no Okiraku Daibouken (Japan)	sstitle	10	lossless
Goraku Ou Tango! (Japan) (GB Compatible)	sstitle	10	lossless
Grand Theft Auto (USA) (GB Compatible)	sstitle	10	lossless
Grand Theft Auto 2 (USA)	sstitle	10	lossless
Grandia - Parallel Trippers (Japan)	sstitle	10	lossless
Granduel - Shinki Dungeon no Hihou (Japan)	sstitle	10	lossless
Great Battle Pocket, The (Japan) (SGB Enhanced) (GB Compatible)	sstitle	10	lossless
Gremlins - Unleashed (Europe) (En,Fr,De,Es,It,Pt)	sstitle	10	lossless
Grinch, The (USA)	sstitle	10	lossless
Guruguru Garakutas (Japan) (SGB Enhanced) (GB Compatible)	sstitle	10	lossless
Guruguru Town Hanamaru-kun (Japan)	sstitle	10	lossless
Gute Zeiten Schlechte Zeiten Quiz (Germany) (GB Compatible)	sstitle	10	lossless
Gyouten Ningen Batseelor - Doctor Guy no Yabou (Japan)	sstitle	10	lossless
Halloween Racer (Europe) (En,Fr,De,Es,It,Pt)	sstitle	10	lossless
Hamster Club (Japan) (GB Compatible)	sstitle	10	lossless
Hamster Club - Awasete Chuu (Japan)	sstitle	10	lossless
Hamster Club - Oshiema Chuu (Japan)	sstitle	10	lossless
Hamster Club 2 (Japan) (GB Compatible)	sstitle	10	lossless
Hamster Monogatari GB + Magi Ham no Mahou Shoujo (Japan)	sstitle	10	lossless
Hamster Paradise (Japan) (SGB Enhanced) (GB Compatible)	sstitle	10	lossless
Hamster Paradise 2 (Japan)	sstitle	10	lossless
Hamster Paradise 3 (Japan)	sstitle	10	lossless
Hamster Paradise 4 (Japan)	sstitle	10	lossless
Hamtaro - Ham-Hams Unite! (USA)	sstitle	10	lossless
Hana Yori Dango - Another Love Story (Japan)	sstitle	10	lossless
Hanasaka Tenshi Tenten-kun no Beat Breaker (Japan) (SGB Enhanced) (GB Compatible)	sstitle	10	lossless
Hands of Time (USA, Europe) (En,Fr,De,Es,It,Nl)	sstitle	10	lossless
Harley-Davidson Motor Cycles - Race Across America (USA)	sstitle	10	lossless
Harry Potter and the Chamber of Secrets (USA, Europe) (En,Fr,De,Es,It,Nl,Pt,Sv,Da)	sstitle	10	lossless
Harry Potter and the Sorcerer's Stone (USA, Europe) (En,Fr,De,Es,It,Nl,Pt,Sv,No,Da,Fi)	sstitle	10	lossless
Harvest Moon 2 GBC (USA) (SGB Enhanced) (GB Compatible)	sstitle	10	lossless
Harvest Moon 3 GBC (USA)	sstitle	10	lossless
Harvest Moon GBC (USA) (SGB Enhanced) (GB Compatible)	sstitle	10	lossless
Hello Kitty no Beads Factory (Japan) (SGB Enhanced) (GB Compatible)	sstitle	10	lossless
Hello Kitty no Happy House (Japan)	sstitle	10	lossless
Hello Kitty no Magical Museum (Japan) (SGB Enhanced) (GB Compatible)	sstitle	10	lossless
Hello Kitty no Sweet Adventure - Daniel-kun ni Aitai (Japan) (SGB Enhanced) (GB Compatible)	sstitle	10	lossless
Hello Kitty to Dear Daniel no Dream Adventure (Japan)	sstitle	10	lossless
Hello Kitty's Cube Frenzy (USA) (GB Compatible)	sstitle	10	lossless
Hercules - The Legendary Journeys (Europe) (En,Fr,De,Es,It,Nl)	sstitle	10	lossless
Hero Hero-kun (Japan)	sstitle	10	lossless
Heroes of Might and Magic (USA) (En,Fr,De)	sstitle	10	lossless
Heroes of Might and Magic II (USA) (En,Fr,De)	sstitle	10	lossless
Hexcite - The Shapes of Victory (USA, Europe) (SGB Enhanced) (GB Compatible)	sstitle	10	lossless
Hiryuu no Ken - Retsuden GB (Japan)	sstitle	10	lossless
Hissatsu Pachinko Boy - CR Monster House (Japan)	sstitle	10	lossless
Hole in One Golf (USA) (Rumble Version) (SGB Enhanced) (GB Compatible)	sstitle	10	lossless
Hollywood Pinball (Europe) (En,Fr,De,It) (GB Compatible)	sstitle	10	lossless
Honkaku Hanafuda GB (Japan)	sstitle	10	lossless
Honkaku Shougi - Shougi Ou (Japan) (SGB Enhanced) (GB Compatible)	sstitle	10	lossless
Honkaku Taisen Shougi Ayumu (Japan) (GB Compatible)	sstitle	10	lossless
Honkaku Yonin Uchi Mahjong - Mahjong Ou (Japan) (SGB Enhanced) (GB Compatible)	sstitle	10	lossless
Hot Wheels - Stunt Track Driver (USA, Europe) (SGB Enhanced) (GB Compatible)	sstitle	10	lossless
Hoyle Card Games (USA)	sstitle	10	lossless
Hoyle Casino (USA)	sstitle	10	lossless
Hugo - Black Diamond Fever (Europe) (En,Fr,De,Es,It,Nl,Pt,Sv,No,Da,Fi)	sstitle	10	lossless
Hugo - The Evil Mirror (Europe) (En,Fr,De,Es,It,Nl,Pt,Sv,No,Da,Fi)	sstitle	10	lossless
Hugo 2 1-2 (Germany) (GB Compatible)	sstitle	10	lossless
Hunter x Hunter - Hunter no Keifu (Japan)	sstitle	10	lossless
Hunter x Hunter - Kindan no Hihou (Japan)	sstitle	10	lossless
Hype - The Time Quest (Europe) (En,Fr,De,Es,It,Nl,Sv,Da)	sstitle	10	lossless
Ide Yousuke no Mahjong Kyoushitsu GB (Japan)	sstitle	10	lossless
Indiana Jones and the Infernal Machine (USA, Europe) (En,Fr,De)	sstitle	10	lossless
Infinity (World) (Incube8 Games)	sstitle	10	lossless
Inspector Gadget - Operation Madkactus (USA)	sstitle	10	lossless
International Karate 2000 (Europe)	sstitle	10	lossless
International Rally (USA) (SGB Enhanced) (GB Compatible)	sstitle	10	lossless
International Superstar Soccer 2000 (USA)	sstitle	10	lossless
International Superstar Soccer 99 (USA) (SGB Enhanced) (GB Compatible)	sstitle	10	lossless
International Track & Field (USA) (SGB Enhanced) (GB Compatible)	sstitle	10	lossless
Itsudemo Pachinko GB - CR Monster House (Japan)	sstitle	10	lossless
J.League Excite Stage GB (Japan)	sstitle	10	lossless
J.League Excite Stage Tactics (Japan)	sstitle	10	lossless
Jagainu-kun (Japan) (GB Compatible)	sstitle	10	lossless
Jaguar Mishin Sashi Senyou Soft - Mario Family (Japan)	sstitle	10	lossless
Jankyuusei - Cosplay Paradise (Japan)	sstitle	10	lossless
Janosch - Das grosse Panama-Spiel (Germany)	sstitle	10	lossless
Jay und die Spielzeugdiebe (Germany)	sstitle	10	lossless
Jeff Gordon XS Racing (USA) (GB Compatible)	sstitle	10	lossless
Jeremy McGrath Supercross 2000 (USA, Europe)	sstitle	10	lossless
Jet de Go! - Let's Go by Airliner (Japan)	sstitle	10	lossless
Jim Henson's Bear in the Big Blue House (USA) (En,Fr,De,Es,It,Nl)	sstitle	10	lossless
Jim Henson's Muppets (USA)	sstitle	10	lossless
Jimmy White's Cueball (Europe)	sstitle	10	lossless
Jinsei Game - Tomodachi Takusan Tsukurou yo! (Japan) (SGB Enhanced) (GB Compatible)	sstitle	10	lossless
Jisedai Begoma Battle Beyblade (Japan)	sstitle	10	lossless
Jissen ni Yakudatsu Tsumego (Japan) (Rev 1)	sstitle	10	lossless
John Romero's Daikatana (Europe) (En,Fr,It)	sstitle	10	lossless
Joryuu Janshi ni Chousen GB - Watashi-tachi ni Chousen Shitene! (Japan) (SGB Enhanced) (GB Compatible)	sstitle	10	lossless
JumpStart Dino Adventure - Field Trip (USA)	sstitle	10	lossless
Jungle Book, The - Mowgli's Wild Adventure (USA) (En,Fr,De,Es,It)	sstitle	10	lossless
Juukou Senki Bullet Battlers (Japan) (SGB Enhanced) (GB Compatible)	sstitle	10	lossless
K.O. - The Pro Boxing (Japan)	sstitle	10	lossless
Kaept'n Blaubaer - Die verrueckte Schatzsuche (Germany)	sstitle	10	lossless
Kaitei Densetsu!! Treasure World (Japan) (GB Compatible)	sstitle	10	lossless
Kakurenbo Battle - Monster Tactics (Japan)	sstitle	10	lossless
Kakutou Ryouri Densetsu Bistro Recipe - Gekitou Foodon Battle Hen (Japan) (SGB Enhanced) (GB Compatible)	sstitle	10	lossless
Kakutou Ryouri Densetsu Bistro Recipe - Kettou Bistgarm Hen (Japan) (SGB Enhanced) (GB Compatible)	sstitle	10	lossless
Kanji Boy (Japan) (SGB Enhanced) (GB Compatible)	sstitle	10	lossless
Kanji Boy 2 (Japan) (SGB Enhanced) (GB Compatible)	sstitle	10	lossless
Kanji Boy 3 (Japan)	sstitle	10	lossless
Kanji de Puzzle (Japan) (GB Compatible)	sstitle	10	lossless
Kanzume Monsters Parfait (Japan) (SGB Enhanced) (GB Compatible)	sstitle	10	lossless
Karamuchou wa Oosawagi! - Okawari! (Japan) (SGB Enhanced, GB Compatible) (NP)	sstitle	10	lossless
Karamuchou wa Oosawagi! - Polinkies to Okashina Nakama-tachi (Japan) (SGB Enhanced) (GB Compatible)	sstitle	10	lossless
Kaseki Sousei Reborn II - Monster Digger (Japan) (SGB Enhanced) (GB Compatible)	sstitle	10	lossless
Katakis 3D (Europe) (Proto)	sstitle	10	lossless
Katou Hifumi Kudan - Shougi Kyoushitsu (Japan) (SGB Enhanced) (GB Compatible)	sstitle	10	lossless
Kawaii Pet Shop Monogatari (Japan) (SGB Enhanced) (GB Compatible)	sstitle	10	lossless
Kawaii Pet Shop Monogatari 2 (Japan) (GB Compatible)	sstitle	10	lossless
Keep the Balance (Europe) (En,Fr,De,Es,It)	sstitle	10	lossless
Keibajou e Ikou! Wide (Japan) (GB Compatible)	sstitle	10	lossless
Keitai Denjuu Telefang - Power Version (Japan) (GB Compatible)	sstitle	10	lossless
Keitai Denjuu Telefang - Speed Version (Japan) (GB Compatible)	sstitle	10	lossless
Kelly Club (USA)	sstitle	10	lossless
Ken Griffey Jr.'s Slugfest (USA)	sstitle	10	lossless
Kettou Transformers Beast Wars - Beast Senshi Saikyou Ketteisen (Japan) (SGB Enhanced) (GB Compatible)	sstitle	10	lossless
Kidou Senkan Nadesico - Ruri Ruri Mahjong (Japan)	sstitle	10	lossless
Kikansha Thomas - Sodor-tou no Nakama-tachi (Japan)	sstitle	10	lossless
Kindaichi Shounen no Jikenbo - 10 Nenme no Shoutaijou (Japan) (SGB Enhanced) (GB Compatible)	sstitle	10	lossless
Kinniku Banzuke GB - Chousensha wa Kimida! (Japan) (SGB Enhanced) (GB Compatible)	sstitle	10	lossless
Kinniku Banzuke GB 2 - Mezase! Muscle Champion (Japan) (SGB Enhanced) (GB Compatible)	sstitle	10	lossless
Kinniku Banzuke GB 3 - Shinseiki Survival Retsuden! (Japan)	sstitle	10	lossless
Kirby - Tilt 'n' Tumble (USA)	sstitle	10	lossless
Kirikou (Europe) (En,Fr,De,Es,It,Pt)	sstitle	10	lossless
Kisekae Series 2 - Oshare Nikki (Japan)	sstitle	10	lossless
Kisekae Series 3 - Kisekae Hamster (Japan)	sstitle	10	lossless
Klax (USA, Europe)	sstitle	10	lossless
Klustar (USA) (GB Compatible)	sstitle	10	lossless
Knockout Kings (USA, Europe)	sstitle	10	lossless
Koguru Guruguru - Guruguru to Nakayoshi (Japan) (SGB Enhanced, GB Compatible) (NP)	sstitle	10	lossless
Konami GB Collection Vol.1 (Europe) (GB Compatible)	sstitle	10	lossless
Konami GB Collection Vol.2 (Europe) (GB Compatible)	sstitle	10	lossless
Konami GB Collection Vol.3 (Europe) (GB Compatible)	sstitle	10	lossless
Konami GB Collection Vol.4 (Europe) (GB Compatible)	sstitle	10	lossless
Konchuu Fighters (Japan)	sstitle	10	lossless
Konchuu Hakase 2 (Japan) (SGB Enhanced) (GB Compatible)	sstitle	10	lossless
Konchuu Hakase 3 (Japan)	sstitle	10	lossless
Koto Battle - Tengai no Moribito (Japan)	sstitle	10	lossless
Koushien Pocket (Japan) (SGB Enhanced) (GB Compatible)	sstitle	10	lossless
LEGO Alpha Team (USA)	sstitle	10	lossless
LEGO Island 2 - The Brickster's Revenge (USA) (En,Fr,Es)	sstitle	10	lossless
LEGO Racers (USA) (En,Fr,Es)	sstitle	10	lossless
LEGO Stunt Rally (USA)	sstitle	10	lossless
Land Before Time, The (USA)	sstitle	10	lossless
Las Vegas Cool Hand (USA) (GB Compatible)	sstitle	10	lossless
Laura (USA)	sstitle	10	lossless
Legend of Zelda, The - Link's Awakening DX (USA, Europe) (SGB Enhanced) (GB Compatible)	sstitle	10	lossless
Legend of Zelda, The - Oracle of Ages (USA, Australia)	sstitle	10	lossless
Legend of Zelda, The - Oracle of Seasons (USA, Australia)	sstitle	10	lossless
Legend of the River King 2 (USA) (SGB Enhanced) (GB Compatible)	sstitle	10	lossless
Legend of the River King GBC (USA) (SGB Enhanced) (GB Compatible)	sstitle	10	lossless
Lemmings & Oh No! More Lemmings (USA)	sstitle	10	lossless
Lil' Monster (USA) (SGB Enhanced) (GB Compatible)	sstitle	10	lossless
Lion King, The - Simba's Mighty Adventure (USA, Europe)	sstitle	10	lossless
Little Magic (Japan)	sstitle	10	lossless
Little Mermaid II, The - Pinball Frenzy (USA) (En,Fr,De,Es,It) (Rumble Version)	sstitle	10	lossless
Little Nicky (USA)	sstitle	10	lossless
Lode Runner - Domudomu Dan no Yabou (Japan) (GB Compatible)	sstitle	10	lossless
Lodoss-tou Senki - Eiyuu Kishiden GB (Japan) (SGB Enhanced) (GB Compatible)	sstitle	10	lossless
Logical (USA)	sstitle	10	lossless
Looney Tunes (USA) (GB Compatible)	sstitle	10	lossless
Looney Tunes - Carrot Crazy (USA) (En,Fr,Es) (GB Compatible)	sstitle	10	lossless
Looney Tunes - Twouble! (USA) (En,Fr,Es) (GB Compatible)	sstitle	10	lossless
Looney Tunes Collector - Alert! (USA) (En,Fr,Es)	sstitle	10	lossless
Looney Tunes Racing (USA) (En,Fr,De,Es,It,Nl)	sstitle	10	lossless
Loppi Puzzle Magazine - Hirameku Puzzle Dai-2-gou (Japan) (SGB Enhanced, GB Compatible) (NP)	sstitle	10	lossless
Loppi Puzzle Magazine - Hirameku Puzzle Dai-3-gou (Japan) (SGB Enhanced, GB Compatible) (NP)	sstitle	10	lossless
Loppi Puzzle Magazine - Hirameku Puzzle Soukangou (Japan) (SGB Enhanced, GB Compatible) (NP)	sstitle	10	lossless
Loppi Puzzle Magazine - Kangaeru Puzzle Dai-2-gou (Japan) (SGB Enhanced, GB Compatible) (NP)	sstitle	10	lossless
Loppi Puzzle Magazine - Kangaeru Puzzle Dai-3-gou (Japan) (SGB Enhanced, GB Compatible) (NP)	sstitle	10	lossless
Loppi Puzzle Magazine - Kangaeru Puzzle Soukangou (Japan) (SGB Enhanced, GB Compatible) (NP)	sstitle	10	lossless
Love Hina Party (Japan)	sstitle	10	lossless
Love Hina Pocket (Japan)	sstitle	10	lossless
Luca no Puzzle de Daibouken! (Japan) (SGB Enhanced) (GB Compatible)	sstitle	10	lossless
Lucky Luke (USA) (En,Fr,De,Es)	sstitle	10	lossless
Lucky Luke - Desperado Train (Europe) (En,Fr,De,Es,It,Nl)	sstitle	10	lossless
Lufia - The Legend Returns (USA)	sstitle	10	lossless
M&M's Minis Madness (USA)	sstitle	10	lossless
MTV Sports - Pure Ride (USA, Europe)	sstitle	10	lossless
MTV Sports - Skateboarding Featuring Andy MacDonald (USA, Europe)	sstitle	10	lossless
MTV Sports - T.J. Lavin's Ultimate BMX (USA, Europe)	sstitle	10	lossless
Macross 7 - Ginga no Heart o Furuwasero!! (Japan)	sstitle	10	lossless
Madden NFL 2000 (USA, Europe) (SGB Enhanced) (GB Compatible)	sstitle	10	lossless
Madden NFL 2001 (USA)	sstitle	10	lossless
Madden NFL 2002 (USA)	sstitle	10	lossless
Magi Nation (USA)	sstitle	10	lossless
Magical Chase GB - Minarai Mahoutsukai Kenja no Tani e (Japan)	sstitle	10	lossless
Magical Drop (USA)	sstitle	10	lossless
Magical Tetris Challenge (USA)	sstitle	10	lossless
Mahjong Joou (Japan) (SGB Enhanced) (GB Compatible)	sstitle	10	lossless
Mahjong Quest (Japan) (SGB Enhanced) (GB Compatible)	sstitle	10	lossless
Majokko Mari-chan no Kisekae Monogatari (Japan) (SGB Enhanced) (GB Compatible)	sstitle	10	lossless
Marble Madness (USA, Europe)	sstitle	10	lossless
Marie no Atelier GB (Japan) (SGB Enhanced) (GB Compatible)	sstitle	10	lossless
Mario Golf (USA)	sstitle	10	lossless
Mario Tennis (USA)	sstitle	10	lossless
Marvin Strikes Back! (USA) (En,Fr,Es)	sstitle	10	lossless
Mary-Kate & Ashley - Get a Clue! (USA, Europe) (GB Compatible)	sstitle	10	lossless
Mary-Kate and Ashley - Crush Course (USA, Europe)	sstitle	10	lossless
Mary-Kate and Ashley - Pocket Planner (USA, Europe) (GB Compatible)	sstitle	10	lossless
Mary-Kate and Ashley - Winners Circle (USA, Europe)	sstitle	10	lossless
Mask of Zorro, The (USA)	sstitle	10	lossless
Mat Hoffman's Pro BMX (USA, Europe)	sstitle	10	lossless
Matchbox Emergency Patrol (USA, Europe)	sstitle	10	lossless
Maus, Die (Europe) (En,Fr,De,Es)	sstitle	10	lossless
Maus, Die - Verrueckte Olympiade (Germany)	sstitle	10	lossless
Maya the Bee & Her Friends (Europe) (En,Fr,De) (GB Compatible)	sstitle	10	lossless
Maya the Bee - Garden Adventures (Europe) (En,Fr,De,Es)	sstitle	10	lossless
McDonald's Monogatari - Honobono Tenchou Ikusei Game (Japan)	sstitle	10	lossless
Medarot 2 - Kabuto Version (Japan) (SGB Enhanced) (GB Compatible)	sstitle	10	lossless
Medarot 2 - Kuwagata Version (Japan) (SGB Enhanced) (GB Compatible)	sstitle	10	lossless
Medarot 2 - Parts Collection (Japan) (SGB Enhanced) (GB Compatible)	sstitle	10	lossless
Medarot 3 - Kabuto Version (Japan)	sstitle	10	lossless
Medarot 3 - Kuwagata Version (Japan)	sstitle	10	lossless
Medarot 3 - Parts Collection - Z kara no Chousenjou (Japan)	sstitle	10	lossless
Medarot 4 - Kabuto Version (Japan)	sstitle	10	lossless
Medarot 4 - Kuwagata Version (Japan)	sstitle	10	lossless
Medarot 5 - Susutake Mura no Tenkousei - Kabuto (Japan)	sstitle	10	lossless
Medarot 5 - Susutake Mura no Tenkousei - Kuwagata (Japan)	sstitle	10	lossless
Medarot Cardrobottle - Kabuto Version (Japan) (SGB Enhanced) (GB Compatible)	sstitle	10	lossless
Medarot Cardrobottle - Kuwagata Version (Japan) (SGB Enhanced) (GB Compatible)	sstitle	10	lossless
Mega Man Xtreme (USA, Europe) (GB Compatible)	sstitle	10	lossless
Mega Man Xtreme 2 (USA, Europe)	sstitle	10	lossless
Megami Tensei Gaiden - Last Bible II (Japan) (SGB Enhanced) (GB Compatible)	sstitle	10	lossless
Meitantei Conan - Karakuri Jiin Satsujin Jiken (Japan) (SGB Enhanced) (GB Compatible)	sstitle	10	lossless
Meitantei Conan - Kigantou Hihou Densetsu (Japan) (SGB Enhanced) (GB Compatible)	sstitle	10	lossless
Meitantei Conan - Norowareta Kouro (Japan) (SGB Enhanced) (GB Compatible)	sstitle	10	lossless
Men in Black - The Series (USA, Europe) (SGB Enhanced) (GB Compatible)	sstitle	10	lossless
Men in Black 2 - The Series (USA) (En,Fr,De)	sstitle	10	lossless
Merlin (Europe) (En,Fr,De,Es,It,Nl)	sstitle	10	lossless
Metal Gear Solid (USA)	sstitle	10	lossless
Metal Walker (USA) (GB Compatible)	sstitle	10	lossless
Metamode (Japan)	sstitle	10	lossless
Mia Hamm Soccer Shootout (USA)	sstitle	10	lossless
Mickey's Racing Adventure (USA, Europe) (En,Fr,De,Es,It)	sstitle	10	lossless
Mickey's Speedway USA (USA, Europe) (En,Fr,De,Es)	sstitle	10	lossless
Micro Machines 1 and 2 - Twin Turbo (USA, Europe)	sstitle	10	lossless
Micro Machines 2 - Turbo Tournament (Europe) (Proto)	sstitle	10	lossless
Micro Machines V3 (USA, Europe)	sstitle	10	lossless
Micro Maniacs (Europe)	sstitle	10	lossless
Microsoft - The 6 in 1 Puzzle Collection Entertainment Pack (USA)	sstitle	10	lossless
Microsoft - The Best of Entertainment Pack (USA)	sstitle	10	lossless
Microsoft Pinball Arcade (USA)	sstitle	10	lossless
Midway Presents Arcade Hits - Joust & Defender (USA, Europe) (GB Compatible)	sstitle	10	lossless
Midway Presents Arcade Hits - Moon Patrol & Spy Hunter (USA, Europe) (GB Compatible)	sstitle	10	lossless
Millennium Winter Sports (USA)	sstitle	10	lossless
Minna no Shougi - Shokyuu Hen (Japan) (GB Compatible)	sstitle	10	lossless
Minnie & Friends - Yume no Kuni o Sagashite (Japan)	sstitle	10	lossless
Missile Command (USA) (Rumble Version)	sstitle	10	lossless
Mission - Impossible (USA) (En,Fr,Es)	sstitle	10	lossless
Mizuki Shigeru no Shin Youkaiden (Japan)	sstitle	10	lossless
Mobile Golf (Japan)	sstitle	10	lossless
Mobile Trainer (Japan)	sstitle	10	lossless
Momotarou Densetsu 1-2 (Japan)	sstitle	10	lossless
Monkey Puncher (Europe) (SGB Enhanced) (GB Compatible)	sstitle	10	lossless
Monopoly (USA) (GB Compatible)	sstitle	10	lossless
Monster Race 2 (Japan) (SGB Enhanced) (GB Compatible)	sstitle	10	lossless
Monster Rancher Battle Card GB (USA) (SGB Enhanced) (GB Compatible)	sstitle	10	lossless
Monster Rancher Explorer (USA)	sstitle	10	lossless
Monster Traveler (Japan) (Rev 1)	sstitle	10	lossless
Monsters, Inc. (USA, Europe)	sstitle	10	lossless
Montezuma's Return! (USA) (En,Es) (GB Compatible)	sstitle	10	lossless
Moomin's Tale (Europe) (En,Fr,De)	sstitle	10	lossless
Moorhuhn 2 - Die Jagd geht weiter (Germany)	sstitle	10	lossless
Moorhuhn 3 - ...Es Gibt Huhn! (Europe) (En,Fr,De,Es,It)	sstitle	10	lossless
Mortal Kombat 4 (USA, Europe) (SGB Enhanced) (GB Compatible)	sstitle	10	lossless
Motocross Maniacs 2 (USA)	sstitle	10	lossless
Mr. Driller (USA)	sstitle	10	lossless
Mr. Nutz (USA) (En,Fr,Es)	sstitle	10	lossless
Ms. Pac-Man - Special Color Edition (USA) (SGB Enhanced) (GB Compatible)	sstitle	10	lossless
Mummy Returns, The (USA)	sstitle	10	lossless
Mummy, The (USA)	sstitle	10	lossless
Muteki Ou Tri-Zenon (Japan)	sstitle	10	lossless
Mythri (USA) (Proto 2) (2001-03-31)	sstitle	10	lossless
NASCAR 2000 (USA, Europe)	sstitle	10	lossless
NASCAR Challenge (USA) (Rumble Version)	sstitle	10	lossless
NASCAR Heat (USA)	sstitle	10	lossless
NASCAR Racers (USA)	sstitle	10	lossless
NBA 3 on 3 Featuring Kobe Bryant (USA) (SGB Enhanced) (GB Compatible)	sstitle	10	lossless
NBA Hoopz (USA)	sstitle	10	lossless
NBA Jam 2001 (USA, Europe)	sstitle	10	lossless
NBA Jam 99 (USA, Europe) (GB Compatible)	sstitle	10	lossless
NBA Pro 99 (Europe) (SGB Enhanced) (GB Compatible)	sstitle	10	lossless
NBA Show Time - NBA on NBC (USA)	sstitle	10	lossless
NBA in the Zone 2000 (USA)	sstitle	10	lossless
NFL Blitz (USA, Europe) (GB Compatible)	sstitle	10	lossless
NFL Blitz 2000 (USA)	sstitle	10	lossless
NFL Blitz 2001 (USA)	sstitle	10	lossless
NHL 2000 (USA, Europe) (SGB Enhanced) (GB Compatible)	sstitle	10	lossless
NHL Blades of Steel (USA)	sstitle	10	lossless
NHL Blades of Steel 2000 (USA)	sstitle	10	lossless
NSYNC - Get to the Show (USA)	sstitle	10	lossless
NYR - New York Race (Europe) (En,Fr,De,Es,It,Pt)	sstitle	10	lossless
Nakayoshi Cooking Series 1 - Oishii Cake-ya-san (Japan)	sstitle	10	lossless
Nakayoshi Cooking Series 2 - Oishii Panya-san (Japan)	sstitle	10	lossless
Nakayoshi Cooking Series 3 - Tanoshii Obentou (Japan)	sstitle	10	lossless
Nakayoshi Cooking Series 4 - Tanoshii Dessert (Japan)	sstitle	10	lossless
Nakayoshi Cooking Series 5 - Cake o Tsukurou (Japan)	sstitle	10	lossless
Nakayoshi Pet Series 1 - Kawaii Hamster (Japan) (GB Compatible)	sstitle	10	lossless
Nakayoshi Pet Series 2 - Kawaii Usagi (Japan) (GB Compatible)	sstitle	10	lossless
Nakayoshi Pet Series 3 - Kawaii Koinu (Japan)	sstitle	10	lossless
Nakayoshi Pet Series 4 - Kawaii Koneko (Japan)	sstitle	10	lossless
Nakayoshi Pet Series 5 - Kawaii Hamster 2 (Japan)	sstitle	10	lossless
Nations, The - Land of Legends (Europe) (En,De)	sstitle	10	lossless
Net de Get - Minigame @ 100 (Japan)	sstitle	10	lossless
Network Boukenki Bugsite - Alpha Version (Japan)	sstitle	10	lossless
Network Boukenki Bugsite - Beta Version (Japan)	sstitle	10	lossless
New Addams Family Series, The (Europe) (En,Fr,De,Es,It,Pt)	sstitle	10	lossless
New Adventures of Mary-Kate & Ashley, The (USA, Europe) (GB Compatible)	sstitle	10	lossless
Nicktoons Racing (USA)	sstitle	10	lossless
Ninja JaJaMaru - The Great World Adventure DX (USA, Europe) (Ninja JaJaMaru Retro Collection) (Switch)	sstitle	10	lossless
Nintama Rantarou - Ninjutsu Gakuen ni Nyuugaku Shiyou no Dan (Japan)	sstitle	10	lossless
Nisemon Puzzle da Mon! - Feromon Kyuushutsu Daisakusen! (Japan)	sstitle	10	lossless
No Fear - Downhill Mountain Biking (Europe)	sstitle	10	lossless
Nobunaga no Yabou - Game Boy Ban 2 (Japan) (SGB Enhanced) (GB Compatible)	sstitle	10	lossless
Noddy and the Birthday Party (Europe) (En,Fr,De,Es)	sstitle	10	lossless
Nushi Tsuri Adventure - Kite no Bouken (Japan) (Rumble Version)	sstitle	10	lossless
Oddworld Adventures 2 (USA) (En,Fr,De,Es,It) (GB Compatible)	sstitle	10	lossless
Ohasuta Dance Dance Revolution GB (Japan)	sstitle	10	lossless
Ohasuta Yama-chan & Raymond (Japan) (SGB Enhanced) (GB Compatible)	sstitle	10	lossless
Oide Rascal (Japan)	sstitle	10	lossless
Ojarumaru - Mangan Jinja no Ennichi de Ojaru! (Japan) (GB Compatible)	sstitle	10	lossless
Ojarumaru - Tsukiyo ga Ike no Takaramono (Japan) (GB Compatible)	sstitle	10	lossless
Original Moorhuhn Jagd, Die (Germany)	sstitle	10	lossless
Othello Millennium (Japan) (GB Compatible)	sstitle	10	lossless
Ottifanten - Kommando Stoertebeker (Germany)	sstitle	10	lossless
Ou Dorobou Jing - Angel Version (Japan) (SGB Enhanced) (GB Compatible)	sstitle	10	lossless
Ou Dorobou Jing - Devil Version (Japan) (SGB Enhanced) (GB Compatible)	sstitle	10	lossless
Owarai Yoiko no Geemumichi - Oyaji Sagashite 3 Choume (Japan) (SGB Enhanced) (GB Compatible)	sstitle	10	lossless
PaZeek (USA) (Proto)	sstitle	10	lossless
Pac-Man - Special Color Edition (USA) (SGB Enhanced) (GB Compatible)	sstitle	10	lossless
Pachinko CR Mouretsu Genshijin T (Japan) (GB Compatible)	sstitle	10	lossless
Pachinko Hisshou Guide - Data no Ousama (Japan) (GB Compatible)	sstitle	10	lossless
Pachipachi Pachisurou - New Pulsar Hen (Japan) (SGB Enhanced) (GB Compatible)	sstitle	10	lossless
Paperboy (USA, Europe)	sstitle	10	lossless
Papyrus (Europe) (En,Fr,De,Es,It,Nl)	sstitle	10	lossless
Perfect Choro Q (Japan)	sstitle	10	lossless
Perfect Dark (USA, Europe) (En,Fr,De,Es,It) (Rumble Version)	sstitle	10	lossless
Phantom Zona (Japan) (SGB Enhanced) (GB Compatible)	sstitle	10	lossless
Pia Carrot e Youkoso!! 2.2 (Japan)	sstitle	10	lossless
Pitfall - Beyond the Jungle (USA, Europe) (GB Compatible)	sstitle	10	lossless
Planet of the Apes (USA) (En,Fr,De,Es,It,Nl)	sstitle	10	lossless
Player Manager 2001 (Europe) (En,Fr)	sstitle	10	lossless
Pocket Billiards - Funk the 9 Ball (Japan)	sstitle	10	lossless
Pocket Bomberman (USA, Europe) (SGB Enhanced) (GB Compatible)	sstitle	10	lossless
Pocket Bowling (USA) (GB Compatible)	sstitle	10	lossless
Pocket Color Billiards (Japan)	sstitle	10	lossless
Pocket Color Mahjong (Japan) (GB Compatible)	sstitle	10	lossless
Pocket Color Trump (Japan) (GB Compatible)	sstitle	10	lossless
Pocket Cooking (Japan)	sstitle	10	lossless
Pocket Densha 2 (Japan) (SGB Enhanced) (GB Compatible)	sstitle	10	lossless
Pocket Family GB 2 (Japan)	sstitle	10	lossless
Pocket GI Stable (Japan) (SGB Enhanced) (GB Compatible)	sstitle	10	lossless
Pocket Hanafuda (Japan)	sstitle	10	lossless
Pocket King (Japan) (SGB Enhanced) (GB Compatible)	sstitle	10	lossless
Pocket Lure Boy (Japan)	sstitle	10	lossless
Pocket Music (Europe) (En,Fr,De,Es,It)	sstitle	10	lossless
Pocket Pro Wrestling - Perfect Wrestler (Japan)	sstitle	10	lossless
Pocket Pro Yakyuu (Japan)	sstitle	10	lossless
Pocket Puyo Puyo Sun (Japan) (SGB Enhanced) (GB Compatible)	sstitle	10	lossless
Pocket Puyo Puyo-n (Japan)	sstitle	10	lossless
Pocket Racing (Europe)	sstitle	10	lossless
Pocket Soccer (Europe) (En,Fr,De,Es,It,Pt)	sstitle	10	lossless
Pocket no Naka no Oukoku (Japan) (Proto)	sstitle	10	lossless
Pokemon - Crystal Version (USA)	sstitle	10	lossless
Pokemon - Gold Version (USA, Europe) (SGB Enhanced) (GB Compatible)	sstitle	10	lossless
Pokemon - Silver Version (USA, Europe) (SGB Enhanced) (GB Compatible)	sstitle	10	lossless
Pokemon Card GB 2 - GR Dan Sanjou! (Japan)	sstitle	10	lossless
Pokemon Picross (Japan) (Proto) (SGB Enhanced) (GB Compatible)	sstitle	10	lossless
Pokemon Pinball (USA, Australia) (Rumble Version) (SGB Enhanced) (GB Compatible)	sstitle	10	lossless
Pokemon Puzzle Challenge (USA, Australia)	sstitle	10	lossless
Pokemon Trading Card Game (USA, Australia) (SGB Enhanced) (GB Compatible)	sstitle	10	lossless
Polaris SnoCross (USA) (Rumble Version)	sstitle	10	lossless
Pong - The Next Level (USA, Europe)	sstitle	10	lossless
Pooh and Tigger's Hunny Safari (USA)	sstitle	10	lossless
Pop'n Music GB (Japan)	sstitle	10	lossless
Pop'n Music GB - Animation Melody (Japan)	sstitle	10	lossless
Pop'n Music GB - Disney Tunes (Japan)	sstitle	10	lossless
Portal Runner (USA)	sstitle	10	lossless
Power Pro Kun Pocket (Japan) (SGB Enhanced) (GB Compatible)	sstitle	10	lossless
Power Pro Kun Pocket 2 (Japan) (SGB Enhanced) (GB Compatible)	sstitle	10	lossless
Power Quest (USA) (En-US,En-GB,Fr,De,Es,It) (SGB Enhanced) (GB Compatible)	sstitle	10	lossless
Power Spike - Pro Beach Volleyball (USA)	sstitle	10	lossless
Powerpuff Girls, The - Bad Mojo Jojo (USA)	sstitle	10	lossless
Powerpuff Girls, The - Battle Him (USA)	sstitle	10	lossless
Powerpuff Girls, The - Paint the Townsville Green (USA)	sstitle	10	lossless
Prince Naseem Boxing (Europe) (En,Fr,De)	sstitle	10	lossless
Prince of Persia (USA, Europe) (En,Fr,De,Es,It) (GB Compatible)	sstitle	10	lossless
Pro Darts (USA)	sstitle	10	lossless
Pro Mahjong Kiwame II GB (Japan) (SGB Enhanced) (GB Compatible)	sstitle	10	lossless
Pro Mahjong Tsuwamono GB (Japan) (SGB Enhanced) (GB Compatible)	sstitle	10	lossless
Pro Mahjong Tsuwamono GB 2 (Japan)	sstitle	10	lossless
Pro Pool (USA) (En,Fr,De)	sstitle	10	lossless
Project S-11 (World) (ModRetro Chromatic)	sstitle	10	lossless
Puchi Carat (Europe) (SGB Enhanced) (GB Compatible)	sstitle	10	lossless
Pumuckls Abenteuer bei den Piraten (Germany)	sstitle	10	lossless
Pumuckls Abenteuer im Geisterschloss (Germany)	sstitle	10	lossless
Puyo Puyo Gaiden - Puyo Wars (Japan) (SGB Enhanced) (GB Compatible)	sstitle	10	lossless
Puzzle Master (USA) (GB Compatible)	sstitle	10	lossless
Puzzle de Shoubuyo! - Wootama-chan (Japan) (GB Compatible)	sstitle	10	lossless
Puzzled (USA)	sstitle	10	lossless
Q-bert (USA)	sstitle	10	lossless
Qix Adventure (Europe)	sstitle	10	lossless
Quest - Brian's Journey (USA) (GB Compatible)	sstitle	10	lossless
Quest - Fantasy Challenge (USA) (SGB Enhanced) (GB Compatible)	sstitle	10	lossless
Quest for Camelot (USA, Australia) (En,Fr,Es) (SGB Enhanced) (GB Compatible)	sstitle	10	lossless
Qui Qui (Japan) (GB Compatible)	sstitle	10	lossless
R-Type DX (USA, Europe) (GB Compatible)	sstitle	10	lossless
RPG Tsukuru GB (Japan)	sstitle	10	lossless
Racin' Ratz (USA)	sstitle	10	lossless
Radikal Bikers (Europe) (En,Fr,De,Es) (Proto)	sstitle	10	lossless
Rainbow Islands (Europe) (En,Fr,De,Es,It)	sstitle	10	lossless
Raku x Raku - Cut Shuu (Japan)	sstitle	10	lossless
Raku x Raku - Mishin (Japan) (GB Compatible)	sstitle	10	lossless
Raku x Raku - Moji (Japan)	sstitle	10	lossless
Rampage - World Tour (USA, Europe) (GB Compatible)	sstitle	10	lossless
Rampage 2 - Universal Tour (USA, Europe)	sstitle	10	lossless
Rampart (USA)	sstitle	10	lossless
Rats! (USA) (En,Es) (GB Compatible)	sstitle	10	lossless
Rayman (World) (En,Fr,De,Es,It,Nl) (ModRetro Chromatic)	sstitle	10	lossless
Rayman 2 (USA) (En,Fr,De,Es,It)	sstitle	10	lossless
Razor Freestyle Scooter (USA)	sstitle	10	lossless
Ready 2 Rumble Boxing (USA) (Rumble Version)	sstitle	10	lossless
Real Pro Yakyuu! - Central League Hen (Japan) (SGB Enhanced) (GB Compatible)	sstitle	10	lossless
Real Pro Yakyuu! - Pacific League Hen (Japan) (SGB Enhanced) (GB Compatible)	sstitle	10	lossless
Rescue Heroes - Fire Frenzy (USA)	sstitle	10	lossless
Resident Evil (World) (Proto 2)	sstitle	10	lossless
Resident Evil Gaiden (USA)	sstitle	10	lossless
Return of the Ninja (World) (Limited Run Games)	sstitle	10	lossless
Revelations - The Demon Slayer (USA) (SGB Enhanced) (GB Compatible)	sstitle	10	lossless
Rhino Rumble (USA, Europe)	sstitle	10	lossless
Rip-Tide Racer (Europe) (En,Fr,De,Es,It) (GB Compatible)	sstitle	10	lossless
Road Champs - BXS Stunt Biking (USA, Europe)	sstitle	10	lossless
Road Rash (USA, Europe)	sstitle	10	lossless
Roadsters '98 (USA) (Proto) (SGB Enhanced) (GB Compatible)	sstitle	10	lossless
Roadsters (USA) (En,Fr,De,Es,It,Nl) (GB Compatible)	sstitle	10	lossless
Robin Hood (Europe) (En,Fr,De,Es,It,Nl)	sstitle	10	lossless
RoboCop (Europe) (En,Fr,De,Es,It,Nl)	sstitle	10	lossless
Robopon - Sun Version (USA) (SGB Enhanced) (GB Compatible)	sstitle	10	lossless
Robot Poncots - Comic Bom Bom Special Version (Japan) (SGB Enhanced) (GB Compatible)	sstitle	10	lossless
Robot Poncots - Moon Version (Japan) (SGB Enhanced) (GB Compatible)	sstitle	10	lossless
Robot Poncots - Star Version (Japan) (SGB Enhanced) (GB Compatible)	sstitle	10	lossless
Robot Wars - Metal Mayhem (Europe) (En,Fr,De,It,Nl,Sv)	sstitle	10	lossless
Rocket Power - Gettin' Air (USA, Europe)	sstitle	10	lossless
Rocky Mountain - Trophy Hunter (USA)	sstitle	10	lossless
Rokumon Tengai Mon-Colle-Knight GB (Japan)	sstitle	10	lossless
Roland Garros French Open (Europe) (En,Fr,De,Es,It,Nl)	sstitle	10	lossless
Ronaldo V-Soccer (USA) (En,Fr,Es,Pt) (GB Compatible)	sstitle	10	lossless
Roswell Conspiracies - Aliens, Myths & Legends (USA) (En,Fr,De)	sstitle	10	lossless
Rox (USA, Europe) (GB Compatible)	sstitle	10	lossless
Rugrats - Time Travelers (USA, Europe) (GB Compatible)	sstitle	10	lossless
Rugrats - Totally Angelica (USA, Europe)	sstitle	10	lossless
Rugrats Movie, The (USA) (SGB Enhanced) (GB Compatible)	sstitle	10	lossless
Rugrats in Paris - The Movie (USA, Europe)	sstitle	10	lossless
SD Hiryuu no Ken EX (Japan) (SGB Enhanced) (GB Compatible)	sstitle	10	lossless
SWiV (Europe) (En,Fr,De,Es,It)	sstitle	10	lossless
Saban's Power Rangers - Lightspeed Rescue (USA, Europe)	sstitle	10	lossless
Saban's Power Rangers - Time Force (USA, Europe)	sstitle	10	lossless
Sabrina - The Animated Series - Spooked! (USA, Europe)	sstitle	10	lossless
Sabrina - The Animated Series - Zapped! (World) (ModRetro Chromatic)	sstitle	10	lossless
Sakata Gorou Kudan no Renju Kyoushitsu (Japan) (SGB Enhanced) (GB Compatible)	sstitle	10	lossless
Sakura Taisen GB - Geki Hanagumi Nyuutai! (Japan)	sstitle	10	lossless
Sakura Taisen GB 2 - Thunderbolt Sakusen (Japan)	sstitle	10	lossless
Samurai Kid (Japan)	sstitle	10	lossless
San Francisco Rush - Extreme Racing (USA) (Proto)	sstitle	10	lossless
San Francisco Rush 2049 (USA, Europe)	sstitle	10	lossless
Sangokushi - Game Boy Ban 2 (Japan) (SGB Enhanced) (GB Compatible)	sstitle	10	lossless
Sanrio Timenet - Kako Hen (Japan) (SGB Enhanced) (GB Compatible)	sstitle	10	lossless
Sanrio Timenet - Mirai Hen (Japan) (SGB Enhanced) (GB Compatible)	sstitle	10	lossless
Santa Claus Junior (Europe)	sstitle	10	lossless
Scooby-Doo! - Classic Creep Capers (USA, Europe)	sstitle	10	lossless
Scrabble (Europe)	sstitle	10	lossless
Sei Hai Densetsu (Japan) (SGB Enhanced) (GB Compatible)	sstitle	10	lossless
Seme COM Dungeon - Drururuaga (Japan) (GB Compatible)	sstitle	10	lossless
Senkai Ibunroku Juntei Taisen - TV Animation Senkaiden Houshin Engi Yori (Japan) (SGB Enhanced) (GB Compatible)	sstitle	10	lossless
Sesame Street - Elmo's 123s (USA) (GB Compatible)	sstitle	10	lossless
Sesame Street - Elmo's ABCs (USA) (GB Compatible)	sstitle	10	lossless
Sesame Street - The Adventures of Elmo in Grouchland (USA) (GB Compatible)	sstitle	10	lossless
Sesame Street Sports (USA)	sstitle	10	lossless
Sewing Machine Operation Software (USA) (En,Fr,Es) (GB Compatible)	sstitle	10	lossless
Sgt. Rock - On the Frontline (USA)	sstitle	10	lossless
Shadowgate Classic (USA, Europe) (En,Fr,De,Es,Sv) (GB Compatible)	sstitle	10	lossless
Shaman King Card Game - Chou Senjiryakketsu - Funbari Hen (Japan)	sstitle	10	lossless
Shaman King Card Game - Chou Senjiryakketsu - Meramera Hen (Japan)	sstitle	10	lossless
Shamus (USA, Europe) (GB Compatible)	sstitle	10	lossless
Shanghai Pocket (USA) (SGB Enhanced) (GB Compatible)	sstitle	10	lossless
Shantae (World) (Switch)	sstitle	10	lossless
Shaun Palmer's Pro Snowboarder (USA, Australia)	sstitle	10	lossless
Shin Megami Tensei Devil Children - Aka no Sho (Japan) (SGB Enhanced) (GB Compatible)	sstitle	10	lossless
Shin Megami Tensei Devil Children - Kuro no Sho (Japan) (SGB Enhanced) (GB Compatible)	sstitle	10	lossless
Shin Megami Tensei Devil Children - Shiro no Sho (Japan)	sstitle	10	lossless
Shin Megami Tensei Trading Card - Card Summoner (Japan)	sstitle	10	lossless
Shinseiki Evangelion - Mahjong Hokan Keikaku (Japan)	sstitle	10	lossless
Shougi 2 (Japan) (GB Compatible)	sstitle	10	lossless
Shougi 3 (Japan) (GB Compatible)	sstitle	10	lossless
Shrek - Fairy Tale Freakdown (USA, Europe) (En,Fr,De,Es,It)	sstitle	10	lossless
Shutokou Racing, The (Japan) (SGB Enhanced) (GB Compatible)	sstitle	10	lossless
Simpsons, The - Night of the Living Treehouse of Horror (USA, Europe)	sstitle	10	lossless
Smurfs Nightmare, The (USA)	sstitle	10	lossless
Snobow Champion (Japan)	sstitle	10	lossless
Snoopy Tennis (USA) (En,Fr,Es)	sstitle	10	lossless
Snow White and the Seven Dwarfs (USA)	sstitle	10	lossless
Soccer Manager (Europe) (En,Fr,De,Es)	sstitle	10	lossless
Soreike! Anpanman - 5-tsu no Tou no Ousama (Japan)	sstitle	10	lossless
Soreike! Anpanman - Fushigina Nikoniko Album (Japan) (SGB Enhanced) (GB Compatible)	sstitle	10	lossless
Soukoban Densetsu - Hikari to Yami no Kuni (Japan) (SGB Enhanced) (GB Compatible)	sstitle	10	lossless
Soul Getter - Houkago Bouken RPG (Japan) (GB Compatible)	sstitle	10	lossless
South Park (USA) (Proto)	sstitle	10	lossless
Space Invaders (USA, Europe) (GB Compatible)	sstitle	10	lossless
Space Marauder (USA)	sstitle	10	lossless
Space-Net - Cosmo Blue (Japan)	sstitle	10	lossless
Space-Net - Cosmo Red (Japan)	sstitle	10	lossless
Spacestation Silicon Valley (Europe) (En,Fr,De,Es,It,Nl,Sv) (GB Compatible)	sstitle	10	lossless
Spawn (USA)	sstitle	10	lossless
Speedy Gonzales - Aztec Adventure (USA, Europe) (GB Compatible)	sstitle	10	lossless
Spider-Man (USA, Europe)	sstitle	10	lossless
Spider-Man 2 - The Sinister Six (USA, Europe)	sstitle	10	lossless
Spirou - The Robot Invasion (Europe) (En,Fr,De,Es,It,Nl,Da)	sstitle	10	lossless
SpongeBob SquarePants - Legend of the Lost Spatula (USA, Europe)	sstitle	10	lossless
Spy vs Spy (USA)	sstitle	10	lossless
Star Heritage (Europe) (Proto) (SRAM Version)	sstitle	10	lossless
Star Ocean - Blue Sphere (Japan) (SGB Enhanced) (GB Compatible)	sstitle	10	lossless
Star Wars - Yoda Stories (USA, Europe) (GB Compatible)	sstitle	10	lossless
Star Wars Episode I - Obi-Wan's Adventures (USA)	sstitle	10	lossless
Star Wars Episode I - Racer (USA, Europe) (Rumble Version)	sstitle	10	lossless
Street Fighter Alpha - Warriors' Dreams (USA)	sstitle	10	lossless
Stuart Little - The Journey Home (USA, Europe)	sstitle	10	lossless
Super Black Bass - Real Fight (Japan) (Rumble Version)	sstitle	10	lossless
Super Bombliss DX (Japan) (En) (SGB Enhanced) (GB Compatible)	sstitle	10	lossless
Super Breakout (World) (ModRetro Chromatic)	sstitle	10	lossless
Super Chinese Fighter EX (Japan)	sstitle	10	lossless
Super Doll Licca-chan - Kisekae Daisakusen (Japan)	sstitle	10	lossless
Super Gals! Kotobuki Ran (Japan)	sstitle	10	lossless
Super Gals! Kotobuki Ran 2 - Miracle Getting (Japan)	sstitle	10	lossless
Super Mario Bros. Deluxe (USA, Europe)	sstitle	10	lossless
Super Me-Mail GB - Me-Mail Bear no Happy Mail Town (Japan)	sstitle	10	lossless
Super Real Fishing (Japan) (Rumble Version)	sstitle	10	lossless
Super Robot Pinball (Japan)	sstitle	10	lossless
Super Robot Taisen - Link Battler (Japan) (SGB Enhanced) (GB Compatible)	sstitle	10	lossless
Supercross Freestyle (Europe) (En,Fr,De,Es,It)	sstitle	10	lossless
Superman - Battle for Metropolis (Europe) (Proto) (2001-01-12) (GB Compatible)	sstitle	10	lossless
Survival Kids (USA) (SGB Enhanced) (GB Compatible)	sstitle	10	lossless
Survival Kids 2 - Dasshutsu!! Futago-jima! (Japan) (SGB Enhanced) (GB Compatible)	sstitle	10	lossless
Sutte Hakkun GB (Japan) (Proto) (SGB Enhanced) (GB Compatible)	sstitle	10	lossless
Suzuki Alstare Extreme Racing (Europe) (En,Fr,De,Es,It,Nl)	sstitle	10	lossless
Sweet Ange (Japan) (SGB Enhanced) (GB Compatible)	sstitle	10	lossless
Swing (Germany)	sstitle	10	lossless
Sylvanian Families - Otogi no Kuni no Pendant (Japan) (SGB Enhanced) (GB Compatible)	sstitle	10	lossless
Sylvanian Families 2 - Irozuku Mori no Fantasy (Japan)	sstitle	10	lossless
Sylvanian Families 3 - Hoshi Furu Yoru no Sunadokei (Japan)	sstitle	10	lossless
Sylvanian Melodies - Mori no Nakama to Odori Masho! (Japan) (SGB Enhanced) (GB Compatible)	sstitle	10	lossless
TNN Outdoors Fishing Champ (USA) (SGB Enhanced) (GB Compatible)	sstitle	10	lossless
TOCA Touring Car Championship (USA, Europe)	sstitle	10	lossless
Tabaluga (Germany) (GB Compatible)	sstitle	10	lossless
Taisen Tsume Shougi (Japan) (NP) (GB Compatible)	sstitle	10	lossless
Tales of Phantasia - Narikiri Dungeon (Japan) (SGB Enhanced) (GB Compatible)	sstitle	10	lossless
Tanimura Hitoshi Ryuu Pachinko Kouryaku Daisakusen - Don Quijote ga Iku (Japan) (SGB Enhanced) (GB Compatible)	sstitle	10	lossless
Tarzan (USA, Europe)	sstitle	10	lossless
Tasmanian Devil - Munching Madness (USA) (En,Fr,De,Es,It) (GB Compatible)	sstitle	10	lossless
Taxi 2 (France)	sstitle	10	lossless
Taxi 3 (France)	sstitle	10	lossless
Tech Deck Skateboarding (USA, Europe)	sstitle	10	lossless
Test Drive 2001 (USA)	sstitle	10	lossless
Test Drive 6 (USA) (GB Compatible)	sstitle	10	lossless
Test Drive Cycles (USA)	sstitle	10	lossless
Test Drive Le Mans (USA) (En,Fr,Es)	sstitle	10	lossless
Test Drive Off-Road 3 (USA) (Rumble Version) (SGB Enhanced) (GB Compatible)	sstitle	10	lossless
Tetris DX (World) (SGB Enhanced) (GB Compatible)	sstitle	10	lossless
Thunderbirds (Europe)	sstitle	10	lossless
Tiger Woods PGA Tour 2000 (USA, Europe) (GB Compatible)	sstitle	10	lossless
Tintin - Le Temple Du Soleil (Europe) (En,Fr,De)	sstitle	10	lossless
Tintin au Tibet (Europe) (En,Fr,De,Es,It,Nl,Sv)	sstitle	10	lossless
Tiny Toon Adventures - Buster Saves the Day (USA)	sstitle	10	lossless
Tiny Toon Adventures - Dizzy's Candy Quest (Europe) (En,Fr,De,Es,It,Nl)	sstitle	10	lossless
Titus the Fox (USA) (GB Compatible)	sstitle	10	lossless
Toki Tori - Ultimate Edition (World) (ModRetro Chromatic)	sstitle	10	lossless
Tokimeki Memorial Pocket - Culture Hen - Komorebi no Melody (Japan) (SGB Enhanced) (GB Compatible)	sstitle	10	lossless
Tokimeki Memorial Pocket - Sport Hen - Koutei no Photograph (Japan) (SGB Enhanced) (GB Compatible)	sstitle	10	lossless
Tokoro-san no Setagaya C.C. (Japan) (GB Compatible)	sstitle	10	lossless
Tom Clancy's Rainbow Six (USA, Europe) (En,Fr,De)	sstitle	10	lossless
Tom and Jerry (USA, Europe)	sstitle	10	lossless
Tom and Jerry - Mouse Hunt (USA) (En,Fr,Es)	sstitle	10	lossless
Tom and Jerry in - Mouse Attacks! (USA)	sstitle	10	lossless
Tomb Raider (USA, Europe) (En,Fr,De,Es,It)	sstitle	10	lossless
Tomb Raider - Curse of the Sword (USA, Europe)	sstitle	10	lossless
Tonic Trouble (Europe) (En,Fr,De,Es,It,Nl)	sstitle	10	lossless
Tonka Construction Site (USA)	sstitle	10	lossless
Tonka Raceway (USA)	sstitle	10	lossless
Tony Hawk's Pro Skater (USA, Europe)	sstitle	10	lossless
Tony Hawk's Pro Skater 2 (USA, Europe)	sstitle	10	lossless
Tony Hawk's Pro Skater 3 (USA, Europe)	sstitle	10	lossless
Toobin' (USA)	sstitle	10	lossless
Toonsylvania (USA)	sstitle	10	lossless
Tootuff (Europe) (En,Fr,De,Es,It,Nl)	sstitle	10	lossless
Top Gear Pocket (USA) (Rumble Version)	sstitle	10	lossless
Top Gear Pocket 2 (USA)	sstitle	10	lossless
Top Gun - Fire Storm (USA, Europe) (En,Fr,De,Es,It,Nl)	sstitle	10	lossless
Totsugeki! Papparatai (Japan) (SGB Enhanced) (GB Compatible)	sstitle	10	lossless
Tottoko Hamutarou - Tomodachi Daisakusen Dechu (Japan)	sstitle	10	lossless
Towers - Lord Baniff's Deceit (USA, Europe)	sstitle	10	lossless
Towers II - Plight of the Stargazer (USA) (Proto 3) (2001-12-09)	sstitle	10	lossless
Toy Story 2 (USA, Europe) (SGB Enhanced) (GB Compatible)	sstitle	10	lossless
Toy Story Racer (USA, Europe)	sstitle	10	lossless
Trade & Battle Card Hero (Japan) (SGB Enhanced) (GB Compatible)	sstitle	10	lossless
Trick Boarder (USA)	sstitle	10	lossless
Trip World DX (World) (Limited Run Games)	sstitle	10	lossless
Triple Play 2001 (USA, Europe)	sstitle	10	lossless
Trouballs (USA)	sstitle	10	lossless
Tsuri Sensei 2 (Japan) (SGB Enhanced) (GB Compatible)	sstitle	10	lossless
Tsuriiko!! (Japan)	sstitle	10	lossless
Turok - Rage Wars (USA, Europe) (En,Fr,De,Es)	sstitle	10	lossless
Turok 2 - Seeds of Evil (USA, Europe) (En,Fr,De,Es) (GB Compatible)	sstitle	10	lossless
Turok 3 - Shadow of Oblivion (USA, Europe) (En,Fr,De,Es)	sstitle	10	lossless
Tweenies - Doodles' Bones (Europe) (En,De,Es,It)	sstitle	10	lossless
Tweety's High-Flying Adventure (USA)	sstitle	10	lossless
Tyrannosaurus Tex (World) (Piko Interactive)	sstitle	10	lossless
Tyrian 2000 (USA) (Proto) (GB Compatible)	sstitle	10	lossless
UEFA 2000 (Europe) (En,Fr,De,Es,It,Nl)	sstitle	10	lossless
Uchuujin Tanaka Tarou de - RPG Tsukuru GB 2 (Japan)	sstitle	10	lossless
Ultimate Fighting Championship (USA)	sstitle	10	lossless
Ultimate Paintball (USA, Europe)	sstitle	10	lossless
Ultimate Surfing (USA)	sstitle	10	lossless
Uno (USA) (GB Compatible)	sstitle	10	lossless
V-Rally - Edition 99 (USA) (En,Fr,Es)	sstitle	10	lossless
VIP (USA) (En,Fr,Es)	sstitle	10	lossless
VR Sports - Powerboat Racing (USA) (Proto)	sstitle	10	lossless
Vegas Games (USA)	sstitle	10	lossless
Vigilante 8 (USA) (Rumble Version)	sstitle	10	lossless
Visiteurs, Les (France) (GB Compatible)	sstitle	10	lossless
WCW Mayhem (USA, Europe)	sstitle	10	lossless
WDL - World Destruction League - Thunder Tanks (USA) (En,Fr,De)	sstitle	10	lossless
WWF Attitude (USA, Europe)	sstitle	10	lossless
WWF Betrayal (USA, Europe)	sstitle	10	lossless
WWF WrestleMania 2000 (USA, Europe) (GB Compatible)	sstitle	10	lossless
Wacky Races (USA) (En,Fr,Es)	sstitle	10	lossless
Walt Disney World Quest - Magical Racing Tour (USA, Europe)	sstitle	10	lossless
Warau Inu no Bouken - Silly Go Lucky! (Japan)	sstitle	10	lossless
Wario Land 3 (World) (En,Ja)	sstitle	10	lossless
Wario Land II (USA, Europe) (SGB Enhanced) (GB Compatible)	sstitle	10	lossless
Warlocked (USA)	sstitle	10	lossless
Warriors of Might and Magic (USA) (En,Fr,De)	sstitle	10	lossless
Watashi no Kitchen (Japan)	sstitle	10	lossless
Watashi no Restaurant (Japan)	sstitle	10	lossless
Wendy - Der Traum von Arizona (Germany)	sstitle	10	lossless
Wendy - Every Witch Way (USA, Europe)	sstitle	10	lossless
Wetrix (Europe) (En,Fr,De)	sstitle	10	lossless
Who Wants to Be a Millionaire - 2nd Edition (USA)	sstitle	10	lossless
Wild Thornberrys, The - Rambler (USA)	sstitle	10	lossless
Wings of Fury (USA) (GB Compatible)	sstitle	10	lossless
Winnie the Pooh - Adventures in the 100 Acre Wood (USA)	sstitle	10	lossless
Wizardry Empire (Japan)	sstitle	10	lossless
Wizardry Empire - Fukkatsu no Tsue (Japan)	sstitle	10	lossless
Wizardry I - Proving Grounds of the Mad Overlord (Japan) (En,Ja)	sstitle	10	lossless
Wizardry II - Llylgamyn no Isan (Japan) (En,Ja)	sstitle	10	lossless
Wizardry III - Diamond no Kishi (Japan) (En,Ja)	sstitle	10	lossless
Woody Woodpecker (USA)	sstitle	10	lossless
Woody Woodpecker Racing (USA)	sstitle	10	lossless
Worms Armageddon (World) (Limited Run Games)	sstitle	10	lossless
X-Men - Mutant Academy (USA, Europe)	sstitle	10	lossless
X-Men - Mutant Wars (USA, Europe)	sstitle	10	lossless
X-Men - Wolverine's Rage (USA)	sstitle	10	lossless
Xena - Warrior Princess (USA, Europe) (En,Fr,De,Es,It,Nl)	sstitle	10	lossless
Xtreme Sports (World) (Switch)	sstitle	10	lossless
Xtreme Wheels (USA)	sstitle	10	lossless
Yakouchuu GB (Japan)	sstitle	10	lossless
Yars' Revenge (USA, Europe) (GB Compatible)	sstitle	10	lossless
Yogi Bear - Great Balloon Blast (USA)	sstitle	10	lossless
Yu-Gi-Oh! - Dark Duel Stories (USA)	sstitle	10	lossless
Yu-Gi-Oh! - Monster Capsule GB (Japan) (SGB Enhanced) (GB Compatible)	sstitle	10	lossless
Yu-Gi-Oh! Duel Monsters 4 - Battle of Great Duelist - Jounouchi Deck (Japan)	sstitle	10	lossless
Yu-Gi-Oh! Duel Monsters 4 - Battle of Great Duelist - Kaiba Deck (Japan)	sstitle	10	lossless
Yu-Gi-Oh! Duel Monsters 4 - Battle of Great Duelist - Yuugi Deck (Japan)	sstitle	10	lossless
Yu-Gi-Oh! Duel Monsters II - Dark Duel Stories (Japan) (SGB Enhanced) (GB Compatible)	sstitle	10	lossless
Zebco Fishing! (USA) (Rumble Version)	sstitle	10	lossless
Zen-Nihon Shounen Soccer Taikai - Mezase Nihon Ichi! (Japan)	sstitle	10	lossless
Zidane - Football Generation (Europe) (En,Fr,De,Es,It)	sstitle	10	lossless
Zoboomafoo - Playtime in Zobooland (USA)	sstitle	10	lossless
Zoids - Jashin Fukkatsu! Genobreaker Hen (Japan) (SGB Enhanced) (GB Compatible)	sstitle	10	lossless
Zoids - Shirogane no Juukishin Liger Zero (Japan)	sstitle	10	lossless
Zok Zok Heroes (Japan)	sstitle	10	lossless
