#key	style	ss_system_id
007 - The World Is Not Enough (USA, Europe)	mixrbv2	10
10-Pin Bowling (USA) (Rumble Version)	mixrbv2	10
102 Dalmatians - Puppies to the Rescue (USA, Europe)	mixrbv2	10
1942 (USA, Europe)	mixrbv2	10
3-D Ultra Pinball - Thrillride (USA) (Rumble Version)	mixrbv2	10
3D Pocket Pool (Europe) (En,Fr,De,Es,It,Nl)	mixrbv2	10
720 Degrees (USA, Europe) (GB Compatible)	mixrbv2	10
Action Man - Search for Base X (USA, Europe)	mixrbv2	10
Adventures of the Smurfs, The (Europe) (En,Fr,De,Es,It,Nl)	mixrbv2	10
AirForce Delta (USA)	mixrbv2	10
Aladdin (USA)	mixrbv2	10
Alfred's Adventure (Europe) (En,Fr,De,Es,It)	mixrbv2	10
Alice in Wonderland (USA, Australia)	mixrbv2	10
Aliens - Thanatos Encounter (USA, Europe)	mixrbv2	10
All Star Tennis 2000 (Europe) (AZTP) (GB Compatible)	mixrbv2	10
All-Star Baseball 2000 (USA, Europe)	mixrbv2	10
All-Star Baseball 2001 (USA)	mixrbv2	10
Alone in the Dark - The New Nightmare (USA) (En,Fr,Es)	mixrbv2	10
Animal Breeder 3 (Japan) (SGB Enhanced) (GB Compatible)	mixrbv2	10
Animal Breeder 4 (Japan)	mixrbv2	10
Animastar GB (Japan)	mixrbv2	10
Animorphs (USA)	mixrbv2	10
Antz (USA) (En,Fr,Es) (GB Compatible)	mixrbv2	10
Antz Racing (USA) (En,Fr,De,Es,It,Nl)	mixrbv2	10
Antz World Sportz (Europe) (En,Fr,De,Es,It,Nl)	mixrbv2	10
Aqualife (Japan) (SGB Enhanced) (GB Compatible)	mixrbv2	10
Arle no Bouken - Mahou no Jewel (Japan) (SGB Enhanced) (GB Compatible)	mixrbv2	10
Armada - FX Racers (USA)	mixrbv2	10
Armorines - Project S.W.A.R.M. (USA, Europe) (En,De)	mixrbv2	10
Army Men (USA, Europe) (En,Fr,De)	mixrbv2	10
Army Men - Air Combat (USA, Europe) (En,Fr,De)	mixrbv2	10
Army Men - Sarge's Heroes 2 (USA, Europe) (En,Fr,De)	mixrbv2	10
Army Men 2 (USA, Europe) (En,Fr,De)	mixrbv2	10
Arthur's Absolutely Fun Day! (USA)	mixrbv2	10
Asterix & Obelix (Europe) (En,Fr,De,Es)	mixrbv2	10
Asterix & Obelix Contre Cesar (Europe) (En,Fr,De,Es,Nl) (GB Compatible)	mixrbv2	10
Asterix - Sur la Trace D'Idefix (Europe) (En,Fr,De,Es,It,Nl)	mixrbv2	10
Asteroids (World) (ModRetro Chromatic)	mixrbv2	10
Atlantis - The Lost Empire (USA, Europe)	mixrbv2	10
Austin Powers - Oh, Behave! (USA)	mixrbv2	10
Austin Powers - Welcome to My Underground Lair! (USA)	mixrbv2	10
Azarashi Sentai Inazuma - Dokidoki Daisakusen! (Japan)	mixrbv2	10
Azure Dreams (USA) (SGB Enhanced) (GB Compatible)	mixrbv2	10
B-Daman Bakugaiden - Victory e no Michi (Japan) (SGB Enhanced) (GB Compatible)	mixrbv2	10
B-Daman Bakugaiden V - Final Mega Tune (Japan)	mixrbv2	10
Babe and Friends (USA) (GB Compatible)	mixrbv2	10
Baby Felix - Halloween (Europe) (En,Fr,De,Es,It,Nl)	mixrbv2	10
Backgammon (Europe) (En,Fr,De,Es) (GB Compatible)	mixrbv2	10
Bad Badtz-Maru Robo Battle (Japan)	mixrbv2	10
Bakukyuu Renpatsu!! Super B-Daman - Gekitan! Rising Valkyrie!! (Japan) (SGB Enhanced) (GB Compatible)	mixrbv2	10
Bakusou Dekotora Densetsu GB Special - Otoko Dokyou no Tenka Touitsu (Japan)	mixrbv2	10
Bakuten Shoot Beyblade (Japan)	mixrbv2	10
Ballistic (USA) (GB Compatible)	mixrbv2	10
Balloon Fight GB (Japan) (SGB Enhanced, GB Compatible) (NP)	mixrbv2	10
Barbie - Fashion Pack Games (USA, Europe) (GB Compatible)	mixrbv2	10
Barbie - Magic Genie Adventure (USA)	mixrbv2	10
Barbie - Ocean Discovery (USA) (GB Compatible)	mixrbv2	10
Barbie - Pet Rescue (USA)	mixrbv2	10
Barca Total 2000 (Europe) (En,Fr,De,Es,It,Nl,Ca)	mixrbv2	10
Barcode Taisen Bardigun (Japan) (SGB Enhanced) (GB Compatible)	mixrbv2	10
Bass Masters Classic (USA, Europe) (GB Compatible)	mixrbv2	10
Batman - Chaos in Gotham (USA)	mixrbv2	10
Batman Beyond - Return of the Joker (USA)	mixrbv2	10
Battle Fishers (Japan)	mixrbv2	10
BattleTanx (USA)	mixrbv2	10
Battleship (USA, Europe) (GB Compatible)	mixrbv2	10
Beatmania GB (Japan) (SGB Enhanced) (GB Compatible)	mixrbv2	10
Beatmania GB - Gotcha Mix 2 (Japan)	mixrbv2	10
Beatmania GB 2 - Gotcha Mix (Japan) (SGB Enhanced) (GB Compatible)	mixrbv2	10
Beauty and the Beast - A Board Game Adventure (USA, Australia) (SGB Enhanced) (GB Compatible)	mixrbv2	10
Benjamin Bluemchen - Ein verrueckter Tag im Zoo (Germany)	mixrbv2	10
Beyblade - Fighting Tournament (Japan)	mixrbv2	10
Bibi Blocksberg - Im Bann der Hexenkugel (Germany)	mixrbv2	10
Bibi und Tina - Fohlen Felix in Gefahr (Germany)	mixrbv2	10
Bikkuriman 2000 - Charging Card GB (Japan) (SGB Enhanced) (GB Compatible)	mixrbv2	10
Billy Bob's Huntin' 'n' Fishin' (USA, Europe)	mixrbv2	10
Bionic Commando - Elite Forces (USA, Australia)	mixrbv2	10
Black Bass - Lure Fishing (USA, Europe) (GB Compatible)	mixrbv2	10
Black Onyx, The (Japan)	mixrbv2	10
Blade (USA, Europe)	mixrbv2	10
Blaster Master - Enemy Below (USA, Europe) (SGB Enhanced) (GB Compatible)	mixrbv2	10
Blue's Clues - Blue's Alphabet Book (USA)	mixrbv2	10
Boarder Zone (USA)	mixrbv2	10
Bob et Bobette - Les Dompteurs du Temps (Europe) (Fr,Nl)	mixrbv2	10
Bob the Builder - Fix it Fun! (USA)	mixrbv2	10
Boku no Camp-jou (Japan)	mixrbv2	10
Bomberman Max - Ain Version (Japan)	mixrbv2	10
Bomberman Max - Blue Champion (USA)	mixrbv2	10
Bomberman Max - Red Challenger (USA)	mixrbv2	10
Bomberman Quest (USA) (SGB Enhanced) (GB Compatible)	mixrbv2	10
Bomberman Selection (Korea)	mixrbv2	10
Bouken! Dondoko Shima (Japan)	mixrbv2	10
Brave Saga - Shinshou Astaria (Japan)	mixrbv2	10
Buffy the Vampire Slayer (USA, Europe)	mixrbv2	10
Bug's Life, A (USA) (SGB Enhanced) (GB Compatible)	mixrbv2	10
Bugs Bunny - Crazy Castle 3 (USA, Europe) (GB Compatible)	mixrbv2	10
Bugs Bunny in - Crazy Castle 4 (USA)	mixrbv2	10
Burger Burger Pocket - Hamburger Simulation (Japan) (SGB Enhanced) (GB Compatible)	mixrbv2	10
Burger Paradise International (Japan)	mixrbv2	10
Bust-A-Move 4 (USA, Europe) (GB Compatible)	mixrbv2	10
Bust-A-Move Millennium (USA, Europe)	mixrbv2	10
Buzz Lightyear of Star Command (USA, Europe)	mixrbv2	10
Caesars Palace II (USA, Europe)	mixrbv2	10
Cannon Fodder (USA) (En,Fr,De,Es,It)	mixrbv2	10
Card Sharks (USA) (Proto)	mixrbv2	10
Cardcaptor Sakura - Itsumo Sakura-chan to Issho (Japan) (GB Compatible)	mixrbv2	10
Cardcaptor Sakura - Tomoeda Shougakkou Daiundoukai (Japan)	mixrbv2	10
Carl Lewis Athletics 2000 (Europe) (En,Fr,De,Es,It,Nl)	mixrbv2	10
Carmageddon - Carpocalypse Now (USA, Europe) (En,Fr,Es,It)	mixrbv2	10
Casper (USA)	mixrbv2	10
Caterpillar Construction Zone (USA, Europe) (GB Compatible)	mixrbv2	10
Catwoman (USA)	mixrbv2	10
Catz (USA)	mixrbv2	10
Centipede (World) (ModRetro Chromatic)	mixrbv2	10
Championship Motocross 2001 featuring Ricky Carmichael (USA, Europe)	mixrbv2	10
Chase H.Q. - Secret Police (USA) (SGB Enhanced) (GB Compatible)	mixrbv2	10
Checkmate (Japan) (En,Ja) (GB Compatible)	mixrbv2	10
Chee-Chai Alien (Japan) (Rumble Version)	mixrbv2	10
Chessmaster (USA, Europe) (GB Compatible)	mixrbv2	10
Chi to Ase to Namida no Koukou Yakyuu (Japan)	mixrbv2	10
Chibi Maruko-chan - Go Chounai Minna de Game Da yo! (Japan)	mixrbv2	10
Chicken Run (USA, Europe) (En,Fr,De,Es,It)	mixrbv2	10
Choro Q - Hyper Customable GB (Japan) (SGB Enhanced) (GB Compatible)	mixrbv2	10
Classic Bubble Bobble (USA) (SGB Enhanced) (GB Compatible)	mixrbv2	10
Colin McRae Rally (Europe)	mixrbv2	10
Columns GB - Tezuka Osamu Characters (Japan) (SGB Enhanced) (GB Compatible)	mixrbv2	10
Command Master (Japan)	mixrbv2	10
Commander Keen (USA, Europe)	mixrbv2	10
Conker's Pocket Tales (USA, Europe) (En,Fr,De) (SGB Enhanced) (GB Compatible)	mixrbv2	10
Cool Bricks (Europe) (En,Fr,De,Es,It)	mixrbv2	10
Croc (USA, Europe)	mixrbv2	10
Croc 2 (World) (ModRetro Chromatic)	mixrbv2	10
Cross Hunter - Monster Hunter Version (Japan)	mixrbv2	10
Cross Hunter - Treasure Hunter Version (Japan)	mixrbv2	10
Cross Hunter - X Hunter Version (Japan)	mixrbv2	10
Cruis'n Exotica (USA)	mixrbv2	10
Crystalis (USA)	mixrbv2	10
Cubix - Robots for Everyone - Race 'n Robots (USA) (En,Fr,De,Es,It)	mixrbv2	10
CyberTiger (USA, Europe)	mixrbv2	10
Cyborg Kuro-chan - Devil Fukkatsu (Japan)	mixrbv2	10
Cyborg Kuro-chan 2 - White Woods no Gyakushuu (Japan)	mixrbv2	10
DT - Lords of Genomes (Japan) (SGB Enhanced) (GB Compatible)	mixrbv2	10
DX Jinsei Game (Japan)	mixrbv2	10
DX Monopoly GB (Japan) (SGB Enhanced) (GB Compatible)	mixrbv2	10
Daa! Daa! Daa! - Totsuzen Card de Battle de Uranai de! (Japan)	mixrbv2	10
Daffy Duck - Fowl Play (USA, Europe) (GB Compatible)	mixrbv2	10
Daikaijuu Monogatari - Poyon no Dungeon Room (Japan) (SGB Enhanced) (GB Compatible)	mixrbv2	10
Daikaijuu Monogatari - Poyon no Dungeon Room 2 (Japan)	mixrbv2	10
Daikaijuu Monogatari - The Miracle of the Zone II (Japan) (SGB Enhanced) (GB Compatible)	mixrbv2	10
Daiku no Gen-san - Kachikachi no Tonkachi ga Kachi (Japan) (SGB Enhanced) (GB Compatible)	mixrbv2	10
Dance Dance Revolution GB (Japan)	mixrbv2	10
Dance Dance Revolution GB - Disney Mix (Japan)	mixrbv2	10
Dance Dance Revolution GB 2 (Japan)	mixrbv2	10
Dance Dance Revolution GB 3 (Japan)	mixrbv2	10
Dancing Furby (Japan) (GB Compatible)	mixrbv2	10
Data-Navi Pro Yakyuu (Japan)	mixrbv2	10
Data-Navi Pro Yakyuu 2 (Japan)	mixrbv2	10
Dave Mirra Freestyle BMX (USA, Europe)	mixrbv2	10
David Beckham Soccer (Europe) (En,Fr,De,Es,It)	mixrbv2	10
Dear Daniel no Sweet Adventure - Kitty-chan o Sagashite (Japan) (SGB Enhanced) (GB Compatible)	mixrbv2	10
Deer Hunter (USA)	mixrbv2	10
Deja Vu I & II - The Casebooks of Ace Harding (USA)	mixrbv2	10
Dejiko no Mahjong Party (Japan)	mixrbv2	10
Denki Blocks! (Europe) (En,Fr,De,Es,It)	mixrbv2	10
Densha de Go! (Japan)	mixrbv2	10
Densha de Go! 2 (Japan)	mixrbv2	10
Dexter's Laboratory - Robot Rampage (USA, Europe)	mixrbv2	10
Dino Breeder 3 - Gaia Fukkatsu (Japan) (SGB Enhanced) (GB Compatible)	mixrbv2	10
Dino Breeder 4 (Japan) (SGB Enhanced) (GB Compatible)	mixrbv2	10
Dinosaur (USA)	mixrbv2	10
Dinosaur'us (Europe) (En,Fr,De,Es,It,Nl)	mixrbv2	10
Diva Starz - Mall Mania (USA)	mixrbv2	10
Dogz (USA)	mixrbv2	10
Dokapon! - Millennium Quest (Japan) (SGB Enhanced) (GB Compatible)	mixrbv2	10
Doki x Doki Sasete!! (Japan)	mixrbv2	10
Dokidoki Densetsu - Mahoujin Guruguru (Japan)	mixrbv2	10
Donald Duck - Goin' Quackers (USA) (En,Fr,De,Es,It)	mixrbv2	10
Donkey Kong Country (USA, Europe) (En,Fr,De,Es,It)	mixrbv2	10
Donkey Kong GB - Dinky Kong & Dixie Kong (Japan)	mixrbv2	10
Doraemon - Aruke Aruke Labyrinth (Japan) (GB Compatible)	mixrbv2	10
Doraemon - Kimi to Pet no Monogatari (Japan) (GB Compatible)	mixrbv2	10
Doraemon Kart 2 (Japan) (SGB Enhanced) (GB Compatible)	mixrbv2	10
Doraemon Memories - Nobita no Omoide Daibouken (Japan) (GB Compatible)	mixrbv2	10
Doraemon no Quiz Boy (Japan)	mixrbv2	10
Doraemon no Quiz Boy 2 (Japan)	mixrbv2	10
Doraemon no Study Boy - Gakushuu Kanji Game (Japan)	mixrbv2	10
Doraemon no Study Boy - Kanji Yomikaki Master (Japan)	mixrbv2	10
Doraemon no Study Boy - Kuku Game (Japan)	mixrbv2	10
Doug's Big Game (USA)	mixrbv2	10
Dr. Rin ni Kiitemite! - Koi no Rin Fuusui (Japan)	mixrbv2	10
Dracula - Crazy Vampire (USA)	mixrbv2	10
Dragon Ball Z - Legendary Super Warriors (USA)	mixrbv2	10
Dragon Dance (USA) (SGB Enhanced) (GB Compatible)	mixrbv2	10
Dragon Tales - Dragon Adventures (USA)	mixrbv2	10
Dragon Tales - Dragon Wings (USA)	mixrbv2	10
Dragon Warrior I & II (USA) (SGB Enhanced) (GB Compatible)	mixrbv2	10
Dragon Warrior III (USA)	mixrbv2	10
Dragon Warrior Monsters (USA, Europe) (SGB Enhanced) (GB Compatible)	mixrbv2	10
Dragon Warrior Monsters 2 - Cobi's Journey (USA) (SGB Enhanced) (GB Compatible)	mixrbv2	10
Dragon Warrior Monsters 2 - Tara's Adventure (USA) (SGB Enhanced) (GB Compatible)	mixrbv2	10
Dragon's Lair (USA, Europe) (En,Ja,Fr,De,Es,Zh)	mixrbv2	10
Driver - You Are the Wheelman (USA) (En,Fr,De,Es,It)	mixrbv2	10
Dropzone (Europe) (GB Compatible)	mixrbv2	10
Duke Nukem (USA) (En,Fr,De,Es,It)	mixrbv2	10
Dukes of Hazzard, The - Racing for Home (USA)	mixrbv2	10
Dungeon Savior (Japan) (SGB Enhanced) (GB Compatible)	mixrbv2	10
DynaMike (Europe) (Proto)	mixrbv2	10
E.T. - The Extra-Terrestrial - Digital Companion (USA)	mixrbv2	10
E.T. - The Extra-Terrestrial - Escape from Planet Earth (USA)	mixrbv2	10
E.T. - The Extra-Terrestrial and the Cosmic Garden (USA)	mixrbv2	10
ECW Hardcore Revolution (USA, Europe)	mixrbv2	10
ESPN International Track & Field (USA)	mixrbv2	10
ESPN National Hockey Night (USA)	mixrbv2	10
Earthworm Jim - Menace 2 the Galaxy (USA, Europe) (GB Compatible)	mixrbv2	10
Elemental Fighter (USA) (Proto)	mixrbv2	10
Elevator Action EX (Europe) (En,Fr,De,Es,It)	mixrbv2	10
Elie no Atelier GB (Japan) (SGB Enhanced) (GB Compatible)	mixrbv2	10
Emperor's New Groove, The (USA)	mixrbv2	10
Evel Knievel (USA) (GB Compatible)	mixrbv2	10
Extreme Ghostbusters (Europe) (En,Fr,De,Es,It,Pt)	mixrbv2	10
Extreme Sports with the Berenstain Bears (USA, Europe) (En,Fr,De,Es,It)	mixrbv2	10
F-1 World Grand Prix (Europe) (En,Fr,De,Es)	mixrbv2	10
F-18 Thunder Strike (USA, Europe)	mixrbv2	10
F.A. Premier League Stars 2001, The (Europe)	mixrbv2	10
F1 Championship Season 2000 (Europe) (En,Fr,De,Es,It)	mixrbv2	10
F1 Racing Championship (Europe) (En,Fr,De,Es,It)	mixrbv2	10
F1 World Grand Prix II for Game Boy Color (USA) (En,Fr,De,Es)	mixrbv2	10
FGB (USA) (Proto) (2001-05-15)	mixrbv2	10
FIFA 2000 (USA, Europe) (SGB Enhanced) (GB Compatible)	mixrbv2	10
Fairy Kitty no Kaiun Jiten - Yousei no Kuni no Uranai Shugyou (Japan) (SGB Enhanced) (GB Compatible)	mixrbv2	10
Ferret Monogatari (Japan)	mixrbv2	10
Fish Files, The (Europe) (En,Fr,De,Es,It)	mixrbv2	10
Fix & Foxi - Episode 1 - Lupo (Europe) (En,Fr,De)	mixrbv2	10
Flintstones, The - Burgertime in Bedrock (USA)	mixrbv2	10
Flipper & Lopaka (Europe) (En,Fr,De,Es,It,Nl,Pt,Sv,No,Da)	mixrbv2	10
Floracy (Europe) (Proto) (2000-10-10)	mixrbv2	10
Force 21 (USA) (En,Fr,De)	mixrbv2	10
Formula One 2000 (USA)	mixrbv2	10
Fort Boyard (Europe) (En,Fr,De,Es,It,Nl,Pt)	mixrbv2	10
Frogger (USA) (GB Compatible)	mixrbv2	10
Frogger 2 (USA)	mixrbv2	10
From TV Animation One Piece - Maboroshi no Grand Line Boukenki! (Japan) (SGB Enhanced) (GB Compatible)	mixrbv2	10
From TV Animation One Piece - Yume no Luffy Kaizokudan Tanjou! (Japan) (SGB Enhanced) (GB Compatible)	mixrbv2	10
Front Row (Japan)	mixrbv2	10
Fushigi no Dungeon - Fuurai no Shiren GB 2 - Sabaku no Majou (Japan) (AFMJ)	mixrbv2	10
GB Harobots (Japan)	mixrbv2	10
GB Karan Koron Gakuen - Hanafuda Mahjong (Japan)	mixrbv2	10
Gaiamaster Duel - Card Attackers (Japan)	mixrbv2	10
Gakkyuu Ou Yamazaki (Japan) (Rev 1) (GB Compatible)	mixrbv2	10
Galaga - Destination Earth (USA)	mixrbv2	10
Gambler Densetsu Tetsuya - Shinjuku Tenun Hen (Japan)	mixrbv2	10
Game & Watch Gallery 2 (USA, Europe) (SGB Enhanced) (GB Compatible)	mixrbv2	10
Game & Watch Gallery 3 (USA, Europe) (SGB Enhanced) (GB Compatible)	mixrbv2	10
Game Boy Wars 2 (Japan) (SGB Enhanced) (GB Compatible)	mixrbv2	10
Game Boy Wars 3 (Japan)	mixrbv2	10
Game Conveni 21 (Japan) (GB Compatible)	mixrbv2	10
Ganbare Goemon - Mononoke Douchuu Tobidase Nabebugyou! (Japan) (SGB Enhanced) (GB Compatible)	mixrbv2	10
Ganbare Goemon - Seikuushi Dynamites Arawaru!! (Japan)	mixrbv2	10
Ganbare Goemon - Tengutou no Gyakushuu (Japan) (GB Compatible)	mixrbv2	10
Geheimnis der Happy Hippo-Insel, Das (Germany)	mixrbv2	10
Gekido (Europe) (Proto) (2000-09-04)	mixrbv2	10
Gekisou Dangun Racer - Onsoku Buster Dangun Dan (Japan)	mixrbv2	10
Gensou Maden Saiyuuki - Sabaku no Shijin (Japan)	mixrbv2	10
Get Chuu Club - Minna no Konchuu Daizukan (Japan) (Rumble Version) (SGB Enhanced) (GB Compatible)	mixrbv2	10
Get!! Loto Club (Japan) (Proto) (GB Compatible)	mixrbv2	10
Gex - Enter the Gecko (USA, Europe) (GB Compatible)	mixrbv2	10
Gex 3 - Deep Pocket Gecko (USA)	mixrbv2	10
Ghosts'n Goblins (USA, Europe) (GB Compatible)	mixrbv2	10
Gift (Europe)	mixrbv2	10
Gimmick Land (Japan) (Proto)	mixrbv2	10
Gobs of Games (USA) (En,Fr,De)	mixrbv2	10
Godzilla - The Series (USA) (En,Fr,De) (GB Compatible)	mixrbv2	10
Godzilla - The Series - Monster Wars (USA) (En,Fr,De)	mixrbv2	10
Gold and Glory - The Road to El Dorado (USA)	mixrbv2	10
Golden Goal (Europe) (En,Fr,De,Es,It,Nl,Sv) (GB Compatible)	mixrbv2	10
Golf Daisuki! (Japan) (En) (SGB Enhanced) (GB Compatible)	mixrbv2	10
Golf Ou - The King of Golf (Japan) (SGB Enhanced) (GB Compatible)	mixrbv2	10
Gonta no Okiraku Daibouken (Japan)	mixrbv2	10
Goraku Ou Tango! (Japan) (GB Compatible)	mixrbv2	10
Grand Theft Auto (USA) (GB Compatible)	mixrbv2	10
Grand Theft Auto 2 (USA)	mixrbv2	10
Grandia - Parallel Trippers (Japan)	mixrbv2	10
Granduel - Shinki Dungeon no Hihou (Japan)	mixrbv2	10
Great Battle Pocket, The (Japan) (SGB Enhanced) (GB Compatible)	mixrbv2	10
Gremlins - Unleashed (Europe) (En,Fr,De,Es,It,Pt)	mixrbv2	10
Grinch, The (USA)	mixrbv2	10
Guruguru Garakutas (Japan) (SGB Enhanced) (GB Compatible)	mixrbv2	10
Guruguru Town Hanamaru-kun (Japan)	mixrbv2	10
Gute Zeiten Schlechte Zeiten Quiz (Germany) (GB Compatible)	mixrbv2	10
Gyouten Ningen Batseelor - Doctor Guy no Yabou (Japan)	mixrbv2	10
Halloween Racer (Europe) (En,Fr,De,Es,It,Pt)	mixrbv2	10
Hamster Club (Japan) (GB Compatible)	mixrbv2	10
Hamster Club - Awasete Chuu (Japan)	mixrbv2	10
Hamster Club - Oshiema Chuu (Japan)	mixrbv2	10
Hamster Club 2 (Japan) (GB Compatible)	mixrbv2	10
Hamster Monogatari GB + Magi Ham no Mahou Shoujo (Japan)	mixrbv2	10
Hamster Paradise (Japan) (SGB Enhanced) (GB Compatible)	mixrbv2	10
Hamster Paradise 2 (Japan)	mixrbv2	10
Hamster Paradise 3 (Japan)	mixrbv2	10
Hamster Paradise 4 (Japan)	mixrbv2	10
Hamtaro - Ham-Hams Unite! (USA)	mixrbv2	10
Hana Yori Dango - Another Love Story (Japan)	mixrbv2	10
Hanasaka Tenshi Tenten-kun no Beat Breaker (Japan) (SGB Enhanced) (GB Compatible)	mixrbv2	10
Hands of Time (USA, Europe) (En,Fr,De,Es,It,Nl)	mixrbv2	10
Harley-Davidson Motor Cycles - Race Across America (USA)	mixrbv2	10
Harry Potter and the Chamber of Secrets (USA, Europe) (En,Fr,De,Es,It,Nl,Pt,Sv,Da)	mixrbv2	10
Harry Potter and the Sorcerer's Stone (USA, Europe) (En,Fr,De,Es,It,Nl,Pt,Sv,No,Da,Fi)	mixrbv2	10
Harvest Moon 2 GBC (USA) (SGB Enhanced) (GB Compatible)	mixrbv2	10
Harvest Moon 3 GBC (USA)	mixrbv2	10
Harvest Moon GBC (USA) (SGB Enhanced) (GB Compatible)	mixrbv2	10
Hello Kitty no Beads Factory (Japan) (SGB Enhanced) (GB Compatible)	mixrbv2	10
Hello Kitty no Happy House (Japan)	mixrbv2	10
Hello Kitty no Magical Museum (Japan) (SGB Enhanced) (GB Compatible)	mixrbv2	10
Hello Kitty no Sweet Adventure - Daniel-kun ni Aitai (Japan) (SGB Enhanced) (GB Compatible)	mixrbv2	10
Hello Kitty to Dear Daniel no Dream Adventure (Japan)	mixrbv2	10
Hello Kitty's Cube Frenzy (USA) (GB Compatible)	mixrbv2	10
Hercules - The Legendary Journeys (Europe) (En,Fr,De,Es,It,Nl)	mixrbv2	10
Hero Hero-kun (Japan)	mixrbv2	10
Heroes of Might and Magic (USA) (En,Fr,De)	mixrbv2	10
Heroes of Might and Magic II (USA) (En,Fr,De)	mixrbv2	10
Hexcite - The Shapes of Victory (USA, Europe) (SGB Enhanced) (GB Compatible)	mixrbv2	10
Hiryuu no Ken - Retsuden GB (Japan)	mixrbv2	10
Hissatsu Pachinko Boy - CR Monster House (Japan)	mixrbv2	10
Hole in One Golf (USA) (Rumble Version) (SGB Enhanced) (GB Compatible)	mixrbv2	10
Hollywood Pinball (Europe) (En,Fr,De,It) (GB Compatible)	mixrbv2	10
Honkaku Hanafuda GB (Japan)	mixrbv2	10
Honkaku Shougi - Shougi Ou (Japan) (SGB Enhanced) (GB Compatible)	mixrbv2	10
Honkaku Taisen Shougi Ayumu (Japan) (GB Compatible)	mixrbv2	10
Honkaku Yonin Uchi Mahjong - Mahjong Ou (Japan) (SGB Enhanced) (GB Compatible)	mixrbv2	10
Hot Wheels - Stunt Track Driver (USA, Europe) (SGB Enhanced) (GB Compatible)	mixrbv2	10
Hoyle Card Games (USA)	mixrbv2	10
Hoyle Casino (USA)	mixrbv2	10
Hugo - Black Diamond Fever (Europe) (En,Fr,De,Es,It,Nl,Pt,Sv,No,Da,Fi)	mixrbv2	10
Hugo - The Evil Mirror (Europe) (En,Fr,De,Es,It,Nl,Pt,Sv,No,Da,Fi)	mixrbv2	10
Hugo 2 1-2 (Germany) (GB Compatible)	mixrbv2	10
Hunter x Hunter - Hunter no Keifu (Japan)	mixrbv2	10
Hunter x Hunter - Kindan no Hihou (Japan)	mixrbv2	10
Hype - The Time Quest (Europe) (En,Fr,De,Es,It,Nl,Sv,Da)	mixrbv2	10
Ide Yousuke no Mahjong Kyoushitsu GB (Japan)	mixrbv2	10
Indiana Jones and the Infernal Machine (USA, Europe) (En,Fr,De)	mixrbv2	10
Infinity (World) (Incube8 Games)	mixrbv2	10
Inspector Gadget - Operation Madkactus (USA)	mixrbv2	10
International Karate 2000 (Europe)	mixrbv2	10
International Rally (USA) (SGB Enhanced) (GB Compatible)	mixrbv2	10
International Superstar Soccer 2000 (USA)	mixrbv2	10
International Superstar Soccer 99 (USA) (SGB Enhanced) (GB Compatible)	mixrbv2	10
International Track & Field (USA) (SGB Enhanced) (GB Compatible)	mixrbv2	10
Itsudemo Pachinko GB - CR Monster House (Japan)	mixrbv2	10
J.League Excite Stage GB (Japan)	mixrbv2	10
J.League Excite Stage Tactics (Japan)	mixrbv2	10
Jagainu-kun (Japan) (GB Compatible)	mixrbv2	10
Jaguar Mishin Sashi Senyou Soft - Mario Family (Japan)	mixrbv2	10
Jankyuusei - Cosplay Paradise (Japan)	mixrbv2	10
Janosch - Das grosse Panama-Spiel (Germany)	mixrbv2	10
Jay und die Spielzeugdiebe (Germany)	mixrbv2	10
Jeff Gordon XS Racing (USA) (GB Compatible)	mixrbv2	10
Jeremy McGrath Supercross 2000 (USA, Europe)	mixrbv2	10
Jet de Go! - Let's Go by Airliner (Japan)	mixrbv2	10
Jim Henson's Bear in the Big Blue House (USA) (En,Fr,De,Es,It,Nl)	mixrbv2	10
Jim Henson's Muppets (USA)	mixrbv2	10
Jimmy White's Cueball (Europe)	mixrbv2	10
Jinsei Game - Tomodachi Takusan Tsukurou yo! (Japan) (SGB Enhanced) (GB Compatible)	mixrbv2	10
Jisedai Begoma Battle Beyblade (Japan)	mixrbv2	10
Jissen ni Yakudatsu Tsumego (Japan) (Rev 1)	mixrbv2	10
John Romero's Daikatana (Europe) (En,Fr,It)	mixrbv2	10
Joryuu Janshi ni Chousen GB - Watashi-tachi ni Chousen Shitene! (Japan) (SGB Enhanced) (GB Compatible)	mixrbv2	10
JumpStart Dino Adventure - Field Trip (USA)	mixrbv2	10
Jungle Book, The - Mowgli's Wild Adventure (USA) (En,Fr,De,Es,It)	mixrbv2	10
Juukou Senki Bullet Battlers (Japan) (SGB Enhanced) (GB Compatible)	mixrbv2	10
K.O. - The Pro Boxing (Japan)	mixrbv2	10
Kaept'n Blaubaer - Die verrueckte Schatzsuche (Germany)	mixrbv2	10
Kaitei Densetsu!! Treasure World (Japan) (GB Compatible)	mixrbv2	10
Kakurenbo Battle - Monster Tactics (Japan)	mixrbv2	10
Kakutou Ryouri Densetsu Bistro Recipe - Gekitou Foodon Battle Hen (Japan) (SGB Enhanced) (GB Compatible)	mixrbv2	10
Kakutou Ryouri Densetsu Bistro Recipe - Kettou Bistgarm Hen (Japan) (SGB Enhanced) (GB Compatible)	mixrbv2	10
Kanji Boy (Japan) (SGB Enhanced) (GB Compatible)	mixrbv2	10
Kanji Boy 2 (Japan) (SGB Enhanced) (GB Compatible)	mixrbv2	10
Kanji Boy 3 (Japan)	mixrbv2	10
Kanji de Puzzle (Japan) (GB Compatible)	mixrbv2	10
Kanzume Monsters Parfait (Japan) (SGB Enhanced) (GB Compatible)	mixrbv2	10
Karamuchou wa Oosawagi! - Okawari! (Japan) (SGB Enhanced, GB Compatible) (NP)	mixrbv2	10
Karamuchou wa Oosawagi! - Polinkies to Okashina Nakama-tachi (Japan) (SGB Enhanced) (GB Compatible)	mixrbv2	10
Kaseki Sousei Reborn II - Monster Digger (Japan) (SGB Enhanced) (GB Compatible)	mixrbv2	10
Katakis 3D (Europe) (Proto)	mixrbv2	10
Katou Hifumi Kudan - Shougi Kyoushitsu (Japan) (SGB Enhanced) (GB Compatible)	mixrbv2	10
Kawaii Pet Shop Monogatari (Japan) (SGB Enhanced) (GB Compatible)	mixrbv2	10
Kawaii Pet Shop Monogatari 2 (Japan) (GB Compatible)	mixrbv2	10
Keep the Balance (Europe) (En,Fr,De,Es,It)	mixrbv2	10
Keibajou e Ikou! Wide (Japan) (GB Compatible)	mixrbv2	10
Keitai Denjuu Telefang - Power Version (Japan) (GB Compatible)	mixrbv2	10
Keitai Denjuu Telefang - Speed Version (Japan) (GB Compatible)	mixrbv2	10
Kelly Club (USA)	mixrbv2	10
Ken Griffey Jr.'s Slugfest (USA)	mixrbv2	10
Kettou Transformers Beast Wars - Beast Senshi Saikyou Ketteisen (Japan) (SGB Enhanced) (GB Compatible)	mixrbv2	10
Kidou Senkan Nadesico - Ruri Ruri Mahjong (Japan)	mixrbv2	10
Kikansha Thomas - Sodor-tou no Nakama-tachi (Japan)	mixrbv2	10
Kindaichi Shounen no Jikenbo - 10 Nenme no Shoutaijou (Japan) (SGB Enhanced) (GB Compatible)	mixrbv2	10
Kinniku Banzuke GB - Chousensha wa Kimida! (Japan) (SGB Enhanced) (GB Compatible)	mixrbv2	10
Kinniku Banzuke GB 2 - Mezase! Muscle Champion (Japan) (SGB Enhanced) (GB Compatible)	mixrbv2	10
Kinniku Banzuke GB 3 - Shinseiki Survival Retsuden! (Japan)	mixrbv2	10
Kirby - Tilt 'n' Tumble (USA)	mixrbv2	10
Kirikou (Europe) (En,Fr,De,Es,It,Pt)	mixrbv2	10
Kisekae Series 2 - Oshare Nikki (Japan)	mixrbv2	10
Kisekae Series 3 - Kisekae Hamster (Japan)	mixrbv2	10
Klax (USA, Europe)	mixrbv2	10
Klustar (USA) (GB Compatible)	mixrbv2	10
Knockout Kings (USA, Europe)	mixrbv2	10
Koguru Guruguru - Guruguru to Nakayoshi (Japan) (SGB Enhanced, GB Compatible) (NP)	mixrbv2	10
Konami GB Collection Vol.1 (Europe) (GB Compatible)	mixrbv2	10
Konami GB Collection Vol.2 (Europe) (GB Compatible)	mixrbv2	10
Konami GB Collection Vol.3 (Europe) (GB Compatible)	mixrbv2	10
Konami GB Collection Vol.4 (Europe) (GB Compatible)	mixrbv2	10
Konchuu Fighters (Japan)	mixrbv2	10
Konchuu Hakase 2 (Japan) (SGB Enhanced) (GB Compatible)	mixrbv2	10
Konchuu Hakase 3 (Japan)	mixrbv2	10
Koto Battle - Tengai no Moribito (Japan)	mixrbv2	10
Koushien Pocket (Japan) (SGB Enhanced) (GB Compatible)	mixrbv2	10
LEGO Alpha Team (USA)	mixrbv2	10
LEGO Island 2 - The Brickster's Revenge (USA) (En,Fr,Es)	mixrbv2	10
LEGO Racers (USA) (En,Fr,Es)	mixrbv2	10
LEGO Stunt Rally (USA)	mixrbv2	10
Land Before Time, The (USA)	mixrbv2	10
Las Vegas Cool Hand (USA) (GB Compatible)	mixrbv2	10
Laura (USA)	mixrbv2	10
Legend of Zelda, The - Link's Awakening DX (USA, Europe) (SGB Enhanced) (GB Compatible)	mixrbv2	10
Legend of Zelda, The - Oracle of Ages (USA, Australia)	mixrbv2	10
Legend of Zelda, The - Oracle of Seasons (USA, Australia)	mixrbv2	10
Legend of the River King 2 (USA) (SGB Enhanced) (GB Compatible)	mixrbv2	10
Legend of the River King GBC (USA) (SGB Enhanced) (GB Compatible)	mixrbv2	10
Lemmings & Oh No! More Lemmings (USA)	mixrbv2	10
Lil' Monster (USA) (SGB Enhanced) (GB Compatible)	mixrbv2	10
Lion King, The - Simba's Mighty Adventure (USA, Europe)	mixrbv2	10
Little Magic (Japan)	mixrbv2	10
Little Mermaid II, The - Pinball Frenzy (USA) (En,Fr,De,Es,It) (Rumble Version)	mixrbv2	10
Little Nicky (USA)	mixrbv2	10
Lode Runner - Domudomu Dan no Yabou (Japan) (GB Compatible)	mixrbv2	10
Lodoss-tou Senki - Eiyuu Kishiden GB (Japan) (SGB Enhanced) (GB Compatible)	mixrbv2	10
Logical (USA)	mixrbv2	10
Looney Tunes (USA) (GB Compatible)	mixrbv2	10
Looney Tunes - Carrot Crazy (USA) (En,Fr,Es) (GB Compatible)	mixrbv2	10
Looney Tunes - Twouble! (USA) (En,Fr,Es) (GB Compatible)	mixrbv2	10
Looney Tunes Collector - Alert! (USA) (En,Fr,Es)	mixrbv2	10
Looney Tunes Racing (USA) (En,Fr,De,Es,It,Nl)	mixrbv2	10
Loppi Puzzle Magazine - Hirameku Puzzle Dai-2-gou (Japan) (SGB Enhanced, GB Compatible) (NP)	mixrbv2	10
Loppi Puzzle Magazine - Hirameku Puzzle Dai-3-gou (Japan) (SGB Enhanced, GB Compatible) (NP)	mixrbv2	10
Loppi Puzzle Magazine - Hirameku Puzzle Soukangou (Japan) (SGB Enhanced, GB Compatible) (NP)	mixrbv2	10
Loppi Puzzle Magazine - Kangaeru Puzzle Dai-2-gou (Japan) (SGB Enhanced, GB Compatible) (NP)	mixrbv2	10
Loppi Puzzle Magazine - Kangaeru Puzzle Dai-3-gou (Japan) (SGB Enhanced, GB Compatible) (NP)	mixrbv2	10
Loppi Puzzle Magazine - Kangaeru Puzzle Soukangou (Japan) (SGB Enhanced, GB Compatible) (NP)	mixrbv2	10
Love Hina Party (Japan)	mixrbv2	10
Love Hina Pocket (Japan)	mixrbv2	10
Luca no Puzzle de Daibouken! (Japan) (SGB Enhanced) (GB Compatible)	mixrbv2	10
Lucky Luke (USA) (En,Fr,De,Es)	mixrbv2	10
Lucky Luke - Desperado Train (Europe) (En,Fr,De,Es,It,Nl)	mixrbv2	10
Lufia - The Legend Returns (USA)	mixrbv2	10
M&M's Minis Madness (USA)	mixrbv2	10
MTV Sports - Pure Ride (USA, Europe)	mixrbv2	10
MTV Sports - Skateboarding Featuring Andy MacDonald (USA, Europe)	mixrbv2	10
MTV Sports - T.J. Lavin's Ultimate BMX (USA, Europe)	mixrbv2	10
Macross 7 - Ginga no Heart o Furuwasero!! (Japan)	mixrbv2	10
Madden NFL 2000 (USA, Europe) (SGB Enhanced) (GB Compatible)	mixrbv2	10
Madden NFL 2001 (USA)	mixrbv2	10
Madden NFL 2002 (USA)	mixrbv2	10
Magi Nation (USA)	mixrbv2	10
Magical Chase GB - Minarai Mahoutsukai Kenja no Tani e (Japan)	mixrbv2	10
Magical Drop (USA)	mixrbv2	10
Magical Tetris Challenge (USA)	mixrbv2	10
Mahjong Joou (Japan) (SGB Enhanced) (GB Compatible)	mixrbv2	10
Mahjong Quest (Japan) (SGB Enhanced) (GB Compatible)	mixrbv2	10
Majokko Mari-chan no Kisekae Monogatari (Japan) (SGB Enhanced) (GB Compatible)	mixrbv2	10
Marble Madness (USA, Europe)	mixrbv2	10
Marie no Atelier GB (Japan) (SGB Enhanced) (GB Compatible)	mixrbv2	10
Mario Golf (USA)	mixrbv2	10
Mario Tennis (USA)	mixrbv2	10
Marvin Strikes Back! (USA) (En,Fr,Es)	mixrbv2	10
Mary-Kate & Ashley - Get a Clue! (USA, Europe) (GB Compatible)	mixrbv2	10
Mary-Kate and Ashley - Crush Course (USA, Europe)	mixrbv2	10
Mary-Kate and Ashley - Pocket Planner (USA, Europe) (GB Compatible)	mixrbv2	10
Mary-Kate and Ashley - Winners Circle (USA, Europe)	mixrbv2	10
Mask of Zorro, The (USA)	mixrbv2	10
Mat Hoffman's Pro BMX (USA, Europe)	mixrbv2	10
Matchbox Emergency Patrol (USA, Europe)	mixrbv2	10
Maus, Die (Europe) (En,Fr,De,Es)	mixrbv2	10
Maus, Die - Verrueckte Olympiade (Germany)	mixrbv2	10
Maya the Bee & Her Friends (Europe) (En,Fr,De) (GB Compatible)	mixrbv2	10
Maya the Bee - Garden Adventures (Europe) (En,Fr,De,Es)	mixrbv2	10
McDonald's Monogatari - Honobono Tenchou Ikusei Game (Japan)	mixrbv2	10
Medarot 2 - Kabuto Version (Japan) (SGB Enhanced) (GB Compatible)	mixrbv2	10
Medarot 2 - Kuwagata Version (Japan) (SGB Enhanced) (GB Compatible)	mixrbv2	10
Medarot 2 - Parts Collection (Japan) (SGB Enhanced) (GB Compatible)	mixrbv2	10
Medarot 3 - Kabuto Version (Japan)	mixrbv2	10
Medarot 3 - Kuwagata Version (Japan)	mixrbv2	10
Medarot 3 - Parts Collection - Z kara no Chousenjou (Japan)	mixrbv2	10
Medarot 4 - Kabuto Version (Japan)	mixrbv2	10
Medarot 4 - Kuwagata Version (Japan)	mixrbv2	10
Medarot 5 - Susutake Mura no Tenkousei - Kabuto (Japan)	mixrbv2	10
Medarot 5 - Susutake Mura no Tenkousei - Kuwagata (Japan)	mixrbv2	10
Medarot Cardrobottle - Kabuto Version (Japan) (SGB Enhanced) (GB Compatible)	mixrbv2	10
Medarot Cardrobottle - Kuwagata Version (Japan) (SGB Enhanced) (GB Compatible)	mixrbv2	10
Mega Man Xtreme (USA, Europe) (GB Compatible)	mixrbv2	10
Mega Man Xtreme 2 (USA, Europe)	mixrbv2	10
Megami Tensei Gaiden - Last Bible II (Japan) (SGB Enhanced) (GB Compatible)	mixrbv2	10
Meitantei Conan - Karakuri Jiin Satsujin Jiken (Japan) (SGB Enhanced) (GB Compatible)	mixrbv2	10
Meitantei Conan - Kigantou Hihou Densetsu (Japan) (SGB Enhanced) (GB Compatible)	mixrbv2	10
Meitantei Conan - Norowareta Kouro (Japan) (SGB Enhanced) (GB Compatible)	mixrbv2	10
Men in Black - The Series (USA, Europe) (SGB Enhanced) (GB Compatible)	mixrbv2	10
Men in Black 2 - The Series (USA) (En,Fr,De)	mixrbv2	10
Merlin (Europe) (En,Fr,De,Es,It,Nl)	mixrbv2	10
Metal Gear Solid (USA)	mixrbv2	10
Metal Walker (USA) (GB Compatible)	mixrbv2	10
Metamode (Japan)	mixrbv2	10
Mia Hamm Soccer Shootout (USA)	mixrbv2	10
Mickey's Racing Adventure (USA, Europe) (En,Fr,De,Es,It)	mixrbv2	10
Mickey's Speedway USA (USA, Europe) (En,Fr,De,Es)	mixrbv2	10
Micro Machines 1 and 2 - Twin Turbo (USA, Europe)	mixrbv2	10
Micro Machines 2 - Turbo Tournament (Europe) (Proto)	mixrbv2	10
Micro Machines V3 (USA, Europe)	mixrbv2	10
Micro Maniacs (Europe)	mixrbv2	10
Microsoft - The 6 in 1 Puzzle Collection Entertainment Pack (USA)	mixrbv2	10
Microsoft - The Best of Entertainment Pack (USA)	mixrbv2	10
Microsoft Pinball Arcade (USA)	mixrbv2	10
Midway Presents Arcade Hits - Joust & Defender (USA, Europe) (GB Compatible)	mixrbv2	10
Midway Presents Arcade Hits - Moon Patrol & Spy Hunter (USA, Europe) (GB Compatible)	mixrbv2	10
Millennium Winter Sports (USA)	mixrbv2	10
Minna no Shougi - Shokyuu Hen (Japan) (GB Compatible)	mixrbv2	10
Minnie & Friends - Yume no Kuni o Sagashite (Japan)	mixrbv2	10
Missile Command (USA) (Rumble Version)	mixrbv2	10
Mission - Impossible (USA) (En,Fr,Es)	mixrbv2	10
Mizuki Shigeru no Shin Youkaiden (Japan)	mixrbv2	10
Mobile Golf (Japan)	mixrbv2	10
Mobile Trainer (Japan)	mixrbv2	10
Momotarou Densetsu 1-2 (Japan)	mixrbv2	10
Monkey Puncher (Europe) (SGB Enhanced) (GB Compatible)	mixrbv2	10
Monopoly (USA) (GB Compatible)	mixrbv2	10
Monster Race 2 (Japan) (SGB Enhanced) (GB Compatible)	mixrbv2	10
Monster Rancher Battle Card GB (USA) (SGB Enhanced) (GB Compatible)	mixrbv2	10
Monster Rancher Explorer (USA)	mixrbv2	10
Monster Traveler (Japan) (Rev 1)	mixrbv2	10
Monsters, Inc. (USA, Europe)	mixrbv2	10
Montezuma's Return! (USA) (En,Es) (GB Compatible)	mixrbv2	10
Moomin's Tale (Europe) (En,Fr,De)	mixrbv2	10
Moorhuhn 2 - Die Jagd geht weiter (Germany)	mixrbv2	10
Moorhuhn 3 - ...Es Gibt Huhn! (Europe) (En,Fr,De,Es,It)	mixrbv2	10
Mortal Kombat 4 (USA, Europe) (SGB Enhanced) (GB Compatible)	mixrbv2	10
Motocross Maniacs 2 (USA)	mixrbv2	10
Mr. Driller (USA)	mixrbv2	10
Mr. Nutz (USA) (En,Fr,Es)	mixrbv2	10
Ms. Pac-Man - Special Color Edition (USA) (SGB Enhanced) (GB Compatible)	mixrbv2	10
Mummy Returns, The (USA)	mixrbv2	10
Mummy, The (USA)	mixrbv2	10
Muteki Ou Tri-Zenon (Japan)	mixrbv2	10
Mythri (USA) (Proto 2) (2001-03-31)	mixrbv2	10
NASCAR 2000 (USA, Europe)	mixrbv2	10
NASCAR Challenge (USA) (Rumble Version)	mixrbv2	10
NASCAR Heat (USA)	mixrbv2	10
NASCAR Racers (USA)	mixrbv2	10
NBA 3 on 3 Featuring Kobe Bryant (USA) (SGB Enhanced) (GB Compatible)	mixrbv2	10
NBA Hoopz (USA)	mixrbv2	10
NBA Jam 2001 (USA, Europe)	mixrbv2	10
NBA Jam 99 (USA, Europe) (GB Compatible)	mixrbv2	10
NBA Pro 99 (Europe) (SGB Enhanced) (GB Compatible)	mixrbv2	10
NBA Show Time - NBA on NBC (USA)	mixrbv2	10
NBA in the Zone 2000 (USA)	mixrbv2	10
NFL Blitz (USA, Europe) (GB Compatible)	mixrbv2	10
NFL Blitz 2000 (USA)	mixrbv2	10
NFL Blitz 2001 (USA)	mixrbv2	10
NHL 2000 (USA, Europe) (SGB Enhanced) (GB Compatible)	mixrbv2	10
NHL Blades of Steel (USA)	mixrbv2	10
NHL Blades of Steel 2000 (USA)	mixrbv2	10
NSYNC - Get to the Show (USA)	mixrbv2	10
NYR - New York Race (Europe) (En,Fr,De,Es,It,Pt)	mixrbv2	10
Nakayoshi Cooking Series 1 - Oishii Cake-ya-san (Japan)	mixrbv2	10
Nakayoshi Cooking Series 2 - Oishii Panya-san (Japan)	mixrbv2	10
Nakayoshi Cooking Series 3 - Tanoshii Obentou (Japan)	mixrbv2	10
Nakayoshi Cooking Series 4 - Tanoshii Dessert (Japan)	mixrbv2	10
Nakayoshi Cooking Series 5 - Cake o Tsukurou (Japan)	mixrbv2	10
Nakayoshi Pet Series 1 - Kawaii Hamster (Japan) (GB Compatible)	mixrbv2	10
Nakayoshi Pet Series 2 - Kawaii Usagi (Japan) (GB Compatible)	mixrbv2	10
Nakayoshi Pet Series 3 - Kawaii Koinu (Japan)	mixrbv2	10
Nakayoshi Pet Series 4 - Kawaii Koneko (Japan)	mixrbv2	10
Nakayoshi Pet Series 5 - Kawaii Hamster 2 (Japan)	mixrbv2	10
Nations, The - Land of Legends (Europe) (En,De)	mixrbv2	10
Net de Get - Minigame @ 100 (Japan)	mixrbv2	10
Network Boukenki Bugsite - Alpha Version (Japan)	mixrbv2	10
Network Boukenki Bugsite - Beta Version (Japan)	mixrbv2	10
New Addams Family Series, The (Europe) (En,Fr,De,Es,It,Pt)	mixrbv2	10
New Adventures of Mary-Kate & Ashley, The (USA, Europe) (GB Compatible)	mixrbv2	10
Nicktoons Racing (USA)	mixrbv2	10
Ninja JaJaMaru - The Great World Adventure DX (USA, Europe) (Ninja JaJaMaru Retro Collection) (Switch)	mixrbv2	10
Nintama Rantarou - Ninjutsu Gakuen ni Nyuugaku Shiyou no Dan (Japan)	mixrbv2	10
Nisemon Puzzle da Mon! - Feromon Kyuushutsu Daisakusen! (Japan)	mixrbv2	10
No Fear - Downhill Mountain Biking (Europe)	mixrbv2	10
Nobunaga no Yabou - Game Boy Ban 2 (Japan) (SGB Enhanced) (GB Compatible)	mixrbv2	10
Noddy and the Birthday Party (Europe) (En,Fr,De,Es)	mixrbv2	10
Nushi Tsuri Adventure - Kite no Bouken (Japan) (Rumble Version)	mixrbv2	10
Oddworld Adventures 2 (USA) (En,Fr,De,Es,It) (GB Compatible)	mixrbv2	10
Ohasuta Dance Dance Revolution GB (Japan)	mixrbv2	10
Ohasuta Yama-chan & Raymond (Japan) (SGB Enhanced) (GB Compatible)	mixrbv2	10
Oide Rascal (Japan)	mixrbv2	10
Ojarumaru - Mangan Jinja no Ennichi de Ojaru! (Japan) (GB Compatible)	mixrbv2	10
Ojarumaru - Tsukiyo ga Ike no Takaramono (Japan) (GB Compatible)	mixrbv2	10
Original Moorhuhn Jagd, Die (Germany)	mixrbv2	10
Othello Millennium (Japan) (GB Compatible)	mixrbv2	10
Ottifanten - Kommando Stoertebeker (Germany)	mixrbv2	10
Ou Dorobou Jing - Angel Version (Japan) (SGB Enhanced) (GB Compatible)	mixrbv2	10
Ou Dorobou Jing - Devil Version (Japan) (SGB Enhanced) (GB Compatible)	mixrbv2	10
Owarai Yoiko no Geemumichi - Oyaji Sagashite 3 Choume (Japan) (SGB Enhanced) (GB Compatible)	mixrbv2	10
PaZeek (USA) (Proto)	mixrbv2	10
Pac-Man - Special Color Edition (USA) (SGB Enhanced) (GB Compatible)	mixrbv2	10
Pachinko CR Mouretsu Genshijin T (Japan) (GB Compatible)	mixrbv2	10
Pachinko Hisshou Guide - Data no Ousama (Japan) (GB Compatible)	mixrbv2	10
Pachipachi Pachisurou - New Pulsar Hen (Japan) (SGB Enhanced) (GB Compatible)	mixrbv2	10
Paperboy (USA, Europe)	mixrbv2	10
Papyrus (Europe) (En,Fr,De,Es,It,Nl)	mixrbv2	10
Perfect Choro Q (Japan)	mixrbv2	10
Perfect Dark (USA, Europe) (En,Fr,De,Es,It) (Rumble Version)	mixrbv2	10
Phantom Zona (Japan) (SGB Enhanced) (GB Compatible)	mixrbv2	10
Pia Carrot e Youkoso!! 2.2 (Japan)	mixrbv2	10
Pitfall - Beyond the Jungle (USA, Europe) (GB Compatible)	mixrbv2	10
Planet of the Apes (USA) (En,Fr,De,Es,It,Nl)	mixrbv2	10
Player Manager 2001 (Europe) (En,Fr)	mixrbv2	10
Pocket Billiards - Funk the 9 Ball (Japan)	mixrbv2	10
Pocket Bomberman (USA, Europe) (SGB Enhanced) (GB Compatible)	mixrbv2	10
Pocket Bowling (USA) (GB Compatible)	mixrbv2	10
Pocket Color Billiards (Japan)	mixrbv2	10
Pocket Color Mahjong (Japan) (GB Compatible)	mixrbv2	10
Pocket Color Trump (Japan) (GB Compatible)	mixrbv2	10
Pocket Cooking (Japan)	mixrbv2	10
Pocket Densha 2 (Japan) (SGB Enhanced) (GB Compatible)	mixrbv2	10
Pocket Family GB 2 (Japan)	mixrbv2	10
Pocket GI Stable (Japan) (SGB Enhanced) (GB Compatible)	mixrbv2	10
Pocket Hanafuda (Japan)	mixrbv2	10
Pocket King (Japan) (SGB Enhanced) (GB Compatible)	mixrbv2	10
Pocket Lure Boy (Japan)	mixrbv2	10
Pocket Music (Europe) (En,Fr,De,Es,It)	mixrbv2	10
Pocket Pro Wrestling - Perfect Wrestler (Japan)	mixrbv2	10
Pocket Pro Yakyuu (Japan)	mixrbv2	10
Pocket Puyo Puyo Sun (Japan) (SGB Enhanced) (GB Compatible)	mixrbv2	10
Pocket Puyo Puyo-n (Japan)	mixrbv2	10
Pocket Racing (Europe)	mixrbv2	10
Pocket Soccer (Europe) (En,Fr,De,Es,It,Pt)	mixrbv2	10
Pocket no Naka no Oukoku (Japan) (Proto)	mixrbv2	10
Pokemon - Crystal Version (USA)	mixrbv2	10
Pokemon - Gold Version (USA, Europe) (SGB Enhanced) (GB Compatible)	mixrbv2	10
Pokemon - Silver Version (USA, Europe) (SGB Enhanced) (GB Compatible)	mixrbv2	10
Pokemon Card GB 2 - GR Dan Sanjou! (Japan)	mixrbv2	10
Pokemon Picross (Japan) (Proto) (SGB Enhanced) (GB Compatible)	mixrbv2	10
Pokemon Pinball (USA, Australia) (Rumble Version) (SGB Enhanced) (GB Compatible)	mixrbv2	10
Pokemon Puzzle Challenge (USA, Australia)	mixrbv2	10
Pokemon Trading Card Game (USA, Australia) (SGB Enhanced) (GB Compatible)	mixrbv2	10
Polaris SnoCross (USA) (Rumble Version)	mixrbv2	10
Pong - The Next Level (USA, Europe)	mixrbv2	10
Pooh and Tigger's Hunny Safari (USA)	mixrbv2	10
Pop'n Music GB (Japan)	mixrbv2	10
Pop'n Music GB - Animation Melody (Japan)	mixrbv2	10
Pop'n Music GB - Disney Tunes (Japan)	mixrbv2	10
Portal Runner (USA)	mixrbv2	10
Power Pro Kun Pocket (Japan) (SGB Enhanced) (GB Compatible)	mixrbv2	10
Power Pro Kun Pocket 2 (Japan) (SGB Enhanced) (GB Compatible)	mixrbv2	10
Power Quest (USA) (En-US,En-GB,Fr,De,Es,It) (SGB Enhanced) (GB Compatible)	mixrbv2	10
Power Spike - Pro Beach Volleyball (USA)	mixrbv2	10
Powerpuff Girls, The - Bad Mojo Jojo (USA)	mixrbv2	10
Powerpuff Girls, The - Battle Him (USA)	mixrbv2	10
Powerpuff Girls, The - Paint the Townsville Green (USA)	mixrbv2	10
Prince Naseem Boxing (Europe) (En,Fr,De)	mixrbv2	10
Prince of Persia (USA, Europe) (En,Fr,De,Es,It) (GB Compatible)	mixrbv2	10
Pro Darts (USA)	mixrbv2	10
Pro Mahjong Kiwame II GB (Japan) (SGB Enhanced) (GB Compatible)	mixrbv2	10
Pro Mahjong Tsuwamono GB (Japan) (SGB Enhanced) (GB Compatible)	mixrbv2	10
Pro Mahjong Tsuwamono GB 2 (Japan)	mixrbv2	10
Pro Pool (USA) (En,Fr,De)	mixrbv2	10
Project S-11 (World) (ModRetro Chromatic)	mixrbv2	10
Puchi Carat (Europe) (SGB Enhanced) (GB Compatible)	mixrbv2	10
Pumuckls Abenteuer bei den Piraten (Germany)	mixrbv2	10
Pumuckls Abenteuer im Geisterschloss (Germany)	mixrbv2	10
Puyo Puyo Gaiden - Puyo Wars (Japan) (SGB Enhanced) (GB Compatible)	mixrbv2	10
Puzzle Master (USA) (GB Compatible)	mixrbv2	10
Puzzle de Shoubuyo! - Wootama-chan (Japan) (GB Compatible)	mixrbv2	10
Puzzled (USA)	mixrbv2	10
Q-bert (USA)	mixrbv2	10
Qix Adventure (Europe)	mixrbv2	10
Quest - Brian's Journey (USA) (GB Compatible)	mixrbv2	10
Quest - Fantasy Challenge (USA) (SGB Enhanced) (GB Compatible)	mixrbv2	10
Quest for Camelot (USA, Australia) (En,Fr,Es) (SGB Enhanced) (GB Compatible)	mixrbv2	10
Qui Qui (Japan) (GB Compatible)	mixrbv2	10
R-Type DX (USA, Europe) (GB Compatible)	mixrbv2	10
RPG Tsukuru GB (Japan)	mixrbv2	10
Racin' Ratz (USA)	mixrbv2	10
Radikal Bikers (Europe) (En,Fr,De,Es) (Proto)	mixrbv2	10
Rainbow Islands (Europe) (En,Fr,De,Es,It)	mixrbv2	10
Raku x Raku - Cut Shuu (Japan)	mixrbv2	10
Raku x Raku - Mishin (Japan) (GB Compatible)	mixrbv2	10
Raku x Raku - Moji (Japan)	mixrbv2	10
Rampage - World Tour (USA, Europe) (GB Compatible)	mixrbv2	10
Rampage 2 - Universal Tour (USA, Europe)	mixrbv2	10
Rampart (USA)	mixrbv2	10
Rats! (USA) (En,Es) (GB Compatible)	mixrbv2	10
Rayman (World) (En,Fr,De,Es,It,Nl) (ModRetro Chromatic)	mixrbv2	10
Rayman 2 (USA) (En,Fr,De,Es,It)	mixrbv2	10
Razor Freestyle Scooter (USA)	mixrbv2	10
Ready 2 Rumble Boxing (USA) (Rumble Version)	mixrbv2	10
Real Pro Yakyuu! - Central League Hen (Japan) (SGB Enhanced) (GB Compatible)	mixrbv2	10
Real Pro Yakyuu! - Pacific League Hen (Japan) (SGB Enhanced) (GB Compatible)	mixrbv2	10
Rescue Heroes - Fire Frenzy (USA)	mixrbv2	10
Resident Evil (World) (Proto 2)	mixrbv2	10
Resident Evil Gaiden (USA)	mixrbv2	10
Return of the Ninja (World) (Limited Run Games)	mixrbv2	10
Revelations - The Demon Slayer (USA) (SGB Enhanced) (GB Compatible)	mixrbv2	10
Rhino Rumble (USA, Europe)	mixrbv2	10
Rip-Tide Racer (Europe) (En,Fr,De,Es,It) (GB Compatible)	mixrbv2	10
Road Champs - BXS Stunt Biking (USA, Europe)	mixrbv2	10
Road Rash (USA, Europe)	mixrbv2	10
Roadsters '98 (USA) (Proto) (SGB Enhanced) (GB Compatible)	mixrbv2	10
Roadsters (USA) (En,Fr,De,Es,It,Nl) (GB Compatible)	mixrbv2	10
Robin Hood (Europe) (En,Fr,De,Es,It,Nl)	mixrbv2	10
RoboCop (Europe) (En,Fr,De,Es,It,Nl)	mixrbv2	10
Robopon - Sun Version (USA) (SGB Enhanced) (GB Compatible)	mixrbv2	10
Robot Poncots - Comic Bom Bom Special Version (Japan) (SGB Enhanced) (GB Compatible)	mixrbv2	10
Robot Poncots - Moon Version (Japan) (SGB Enhanced) (GB Compatible)	mixrbv2	10
Robot Poncots - Star Version (Japan) (SGB Enhanced) (GB Compatible)	mixrbv2	10
Robot Wars - Metal Mayhem (Europe) (En,Fr,De,It,Nl,Sv)	mixrbv2	10
Rocket Power - Gettin' Air (USA, Europe)	mixrbv2	10
Rocky Mountain - Trophy Hunter (USA)	mixrbv2	10
Rokumon Tengai Mon-Colle-Knight GB (Japan)	mixrbv2	10
Roland Garros French Open (Europe) (En,Fr,De,Es,It,Nl)	mixrbv2	10
Ronaldo V-Soccer (USA) (En,Fr,Es,Pt) (GB Compatible)	mixrbv2	10
Roswell Conspiracies - Aliens, Myths & Legends (USA) (En,Fr,De)	mixrbv2	10
Rox (USA, Europe) (GB Compatible)	mixrbv2	10
Rugrats - Time Travelers (USA, Europe) (GB Compatible)	mixrbv2	10
Rugrats - Totally Angelica (USA, Europe)	mixrbv2	10
Rugrats Movie, The (USA) (SGB Enhanced) (GB Compatible)	mixrbv2	10
Rugrats in Paris - The Movie (USA, Europe)	mixrbv2	10
SD Hiryuu no Ken EX (Japan) (SGB Enhanced) (GB Compatible)	mixrbv2	10
SWiV (Europe) (En,Fr,De,Es,It)	mixrbv2	10
Saban's Power Rangers - Lightspeed Rescue (USA, Europe)	mixrbv2	10
Saban's Power Rangers - Time Force (USA, Europe)	mixrbv2	10
Sabrina - The Animated Series - Spooked! (USA, Europe)	mixrbv2	10
Sabrina - The Animated Series - Zapped! (World) (ModRetro Chromatic)	mixrbv2	10
Sakata Gorou Kudan no Renju Kyoushitsu (Japan) (SGB Enhanced) (GB Compatible)	mixrbv2	10
Sakura Taisen GB - Geki Hanagumi Nyuutai! (Japan)	mixrbv2	10
Sakura Taisen GB 2 - Thunderbolt Sakusen (Japan)	mixrbv2	10
Samurai Kid (Japan)	mixrbv2	10
San Francisco Rush - Extreme Racing (USA) (Proto)	mixrbv2	10
San Francisco Rush 2049 (USA, Europe)	mixrbv2	10
Sangokushi - Game Boy Ban 2 (Japan) (SGB Enhanced) (GB Compatible)	mixrbv2	10
Sanrio Timenet - Kako Hen (Japan) (SGB Enhanced) (GB Compatible)	mixrbv2	10
Sanrio Timenet - Mirai Hen (Japan) (SGB Enhanced) (GB Compatible)	mixrbv2	10
Santa Claus Junior (Europe)	mixrbv2	10
Scooby-Doo! - Classic Creep Capers (USA, Europe)	mixrbv2	10
Scrabble (Europe)	mixrbv2	10
Sei Hai Densetsu (Japan) (SGB Enhanced) (GB Compatible)	mixrbv2	10
Seme COM Dungeon - Drururuaga (Japan) (GB Compatible)	mixrbv2	10
Senkai Ibunroku Juntei Taisen - TV Animation Senkaiden Houshin Engi Yori (Japan) (SGB Enhanced) (GB Compatible)	mixrbv2	10
Sesame Street - Elmo's 123s (USA) (GB Compatible)	mixrbv2	10
Sesame Street - Elmo's ABCs (USA) (GB Compatible)	mixrbv2	10
Sesame Street - The Adventures of Elmo in Grouchland (USA) (GB Compatible)	mixrbv2	10
Sesame Street Sports (USA)	mixrbv2	10
Sewing Machine Operation Software (USA) (En,Fr,Es) (GB Compatible)	mixrbv2	10
Sgt. Rock - On the Frontline (USA)	mixrbv2	10
Shadowgate Classic (USA, Europe) (En,Fr,De,Es,Sv) (GB Compatible)	mixrbv2	10
Shaman King Card Game - Chou Senjiryakketsu - Funbari Hen (Japan)	mixrbv2	10
Shaman King Card Game - Chou Senjiryakketsu - Meramera Hen (Japan)	mixrbv2	10
Shamus (USA, Europe) (GB Compatible)	mixrbv2	10
Shanghai Pocket (USA) (SGB Enhanced) (GB Compatible)	mixrbv2	10
Shantae (World) (Switch)	mixrbv2	10
Shaun Palmer's Pro Snowboarder (USA, Australia)	mixrbv2	10
Shin Megami Tensei Devil Children - Aka no Sho (Japan) (SGB Enhanced) (GB Compatible)	mixrbv2	10
Shin Megami Tensei Devil Children - Kuro no Sho (Japan) (SGB Enhanced) (GB Compatible)	mixrbv2	10
Shin Megami Tensei Devil Children - Shiro no Sho (Japan)	mixrbv2	10
Shin Megami Tensei Trading Card - Card Summoner (Japan)	mixrbv2	10
Shinseiki Evangelion - Mahjong Hokan Keikaku (Japan)	mixrbv2	10
Shougi 2 (Japan) (GB Compatible)	mixrbv2	10
Shougi 3 (Japan) (GB Compatible)	mixrbv2	10
Shrek - Fairy Tale Freakdown (USA, Europe) (En,Fr,De,Es,It)	mixrbv2	10
Shutokou Racing, The (Japan) (SGB Enhanced) (GB Compatible)	mixrbv2	10
Simpsons, The - Night of the Living Treehouse of Horror (USA, Europe)	mixrbv2	10
Smurfs Nightmare, The (USA)	mixrbv2	10
Snobow Champion (Japan)	mixrbv2	10
Snoopy Tennis (USA) (En,Fr,Es)	mixrbv2	10
Snow White and the Seven Dwarfs (USA)	mixrbv2	10
Soccer Manager (Europe) (En,Fr,De,Es)	mixrbv2	10
Soreike! Anpanman - 5-tsu no Tou no Ousama (Japan)	mixrbv2	10
Soreike! Anpanman - Fushigina Nikoniko Album (Japan) (SGB Enhanced) (GB Compatible)	mixrbv2	10
Soukoban Densetsu - Hikari to Yami no Kuni (Japan) (SGB Enhanced) (GB Compatible)	mixrbv2	10
Soul Getter - Houkago Bouken RPG (Japan) (GB Compatible)	mixrbv2	10
South Park (USA) (Proto)	box-2D	10
Space Invaders (USA, Europe) (GB Compatible)	mixrbv2	10
Space Marauder (USA)	mixrbv2	10
Space-Net - Cosmo Blue (Japan)	mixrbv2	10
Space-Net - Cosmo Red (Japan)	mixrbv2	10
Spacestation Silicon Valley (Europe) (En,Fr,De,Es,It,Nl,Sv) (GB Compatible)	mixrbv2	10
Spawn (USA)	mixrbv2	10
Speedy Gonzales - Aztec Adventure (USA, Europe) (GB Compatible)	mixrbv2	10
Spider-Man (USA, Europe)	mixrbv2	10
Spider-Man 2 - The Sinister Six (USA, Europe)	mixrbv2	10
Spirou - The Robot Invasion (Europe) (En,Fr,De,Es,It,Nl,Da)	mixrbv2	10
SpongeBob SquarePants - Legend of the Lost Spatula (USA, Europe)	mixrbv2	10
Spy vs Spy (USA)	mixrbv2	10
Star Heritage (Europe) (Proto) (SRAM Version)	mixrbv2	10
Star Ocean - Blue Sphere (Japan) (SGB Enhanced) (GB Compatible)	mixrbv2	10
Star Wars - Yoda Stories (USA, Europe) (GB Compatible)	mixrbv2	10
Star Wars Episode I - Obi-Wan's Adventures (USA)	mixrbv2	10
Star Wars Episode I - Racer (USA, Europe) (Rumble Version)	mixrbv2	10
Street Fighter Alpha - Warriors' Dreams (USA)	mixrbv2	10
Stuart Little - The Journey Home (USA, Europe)	mixrbv2	10
Super Black Bass - Real Fight (Japan) (Rumble Version)	mixrbv2	10
Super Bombliss DX (Japan) (En) (SGB Enhanced) (GB Compatible)	mixrbv2	10
Super Breakout (World) (ModRetro Chromatic)	mixrbv2	10
Super Chinese Fighter EX (Japan)	mixrbv2	10
Super Doll Licca-chan - Kisekae Daisakusen (Japan)	mixrbv2	10
Super Gals! Kotobuki Ran (Japan)	mixrbv2	10
Super Gals! Kotobuki Ran 2 - Miracle Getting (Japan)	mixrbv2	10
Super Mario Bros. Deluxe (USA, Europe)	mixrbv2	10
Super Me-Mail GB - Me-Mail Bear no Happy Mail Town (Japan)	mixrbv2	10
Super Real Fishing (Japan) (Rumble Version)	mixrbv2	10
Super Robot Pinball (Japan)	mixrbv2	10
Super Robot Taisen - Link Battler (Japan) (SGB Enhanced) (GB Compatible)	mixrbv2	10
Supercross Freestyle (Europe) (En,Fr,De,Es,It)	mixrbv2	10
Superman - Battle for Metropolis (Europe) (Proto) (2001-01-12) (GB Compatible)	mixrbv2	10
Survival Kids (USA) (SGB Enhanced) (GB Compatible)	mixrbv2	10
Survival Kids 2 - Dasshutsu!! Futago-jima! (Japan) (SGB Enhanced) (GB Compatible)	mixrbv2	10
Sutte Hakkun GB (Japan) (Proto) (SGB Enhanced) (GB Compatible)	mixrbv2	10
Suzuki Alstare Extreme Racing (Europe) (En,Fr,De,Es,It,Nl)	mixrbv2	10
Sweet Ange (Japan) (SGB Enhanced) (GB Compatible)	mixrbv2	10
Swing (Germany)	mixrbv2	10
Sylvanian Families - Otogi no Kuni no Pendant (Japan) (SGB Enhanced) (GB Compatible)	mixrbv2	10
Sylvanian Families 2 - Irozuku Mori no Fantasy (Japan)	mixrbv2	10
Sylvanian Families 3 - Hoshi Furu Yoru no Sunadokei (Japan)	mixrbv2	10
Sylvanian Melodies - Mori no Nakama to Odori Masho! (Japan) (SGB Enhanced) (GB Compatible)	mixrbv2	10
TNN Outdoors Fishing Champ (USA) (SGB Enhanced) (GB Compatible)	mixrbv2	10
TOCA Touring Car Championship (USA, Europe)	mixrbv2	10
Tabaluga (Germany) (GB Compatible)	mixrbv2	10
Taisen Tsume Shougi (Japan) (NP) (GB Compatible)	mixrbv2	10
Tales of Phantasia - Narikiri Dungeon (Japan) (SGB Enhanced) (GB Compatible)	mixrbv2	10
Tanimura Hitoshi Ryuu Pachinko Kouryaku Daisakusen - Don Quijote ga Iku (Japan) (SGB Enhanced) (GB Compatible)	mixrbv2	10
Tarzan (USA, Europe)	mixrbv2	10
Tasmanian Devil - Munching Madness (USA) (En,Fr,De,Es,It) (GB Compatible)	mixrbv2	10
Taxi 2 (France)	mixrbv2	10
Taxi 3 (France)	mixrbv2	10
Tech Deck Skateboarding (USA, Europe)	mixrbv2	10
Test Drive 2001 (USA)	mixrbv2	10
Test Drive 6 (USA) (GB Compatible)	mixrbv2	10
Test Drive Cycles (USA)	mixrbv2	10
Test Drive Le Mans (USA) (En,Fr,Es)	mixrbv2	10
Test Drive Off-Road 3 (USA) (Rumble Version) (SGB Enhanced) (GB Compatible)	mixrbv2	10
Tetris DX (World) (SGB Enhanced) (GB Compatible)	mixrbv2	10
Thunderbirds (Europe)	mixrbv2	10
Tiger Woods PGA Tour 2000 (USA, Europe) (GB Compatible)	mixrbv2	10
Tintin - Le Temple Du Soleil (Europe) (En,Fr,De)	mixrbv2	10
Tintin au Tibet (Europe) (En,Fr,De,Es,It,Nl,Sv)	mixrbv2	10
Tiny Toon Adventures - Buster Saves the Day (USA)	mixrbv2	10
Tiny Toon Adventures - Dizzy's Candy Quest (Europe) (En,Fr,De,Es,It,Nl)	mixrbv2	10
Titus the Fox (USA) (GB Compatible)	mixrbv2	10
Toki Tori - Ultimate Edition (World) (ModRetro Chromatic)	mixrbv2	10
Tokimeki Memorial Pocket - Culture Hen - Komorebi no Melody (Japan) (SGB Enhanced) (GB Compatible)	mixrbv2	10
Tokimeki Memorial Pocket - Sport Hen - Koutei no Photograph (Japan) (SGB Enhanced) (GB Compatible)	mixrbv2	10
Tokoro-san no Setagaya C.C. (Japan) (GB Compatible)	mixrbv2	10
Tom Clancy's Rainbow Six (USA, Europe) (En,Fr,De)	mixrbv2	10
Tom and Jerry (USA, Europe)	mixrbv2	10
Tom and Jerry - Mouse Hunt (USA) (En,Fr,Es)	mixrbv2	10
Tom and Jerry in - Mouse Attacks! (USA)	mixrbv2	10
Tomb Raider (USA, Europe) (En,Fr,De,Es,It)	mixrbv2	10
Tomb Raider - Curse of the Sword (USA, Europe)	mixrbv2	10
Tonic Trouble (Europe) (En,Fr,De,Es,It,Nl)	mixrbv2	10
Tonka Construction Site (USA)	mixrbv2	10
Tonka Raceway (USA)	mixrbv2	10
Tony Hawk's Pro Skater (USA, Europe)	mixrbv2	10
Tony Hawk's Pro Skater 2 (USA, Europe)	mixrbv2	10
Tony Hawk's Pro Skater 3 (USA, Europe)	mixrbv2	10
Toobin' (USA)	mixrbv2	10
Toonsylvania (USA)	mixrbv2	10
Tootuff (Europe) (En,Fr,De,Es,It,Nl)	mixrbv2	10
Top Gear Pocket (USA) (Rumble Version)	mixrbv2	10
Top Gear Pocket 2 (USA)	mixrbv2	10
Top Gun - Fire Storm (USA, Europe) (En,Fr,De,Es,It,Nl)	mixrbv2	10
Totsugeki! Papparatai (Japan) (SGB Enhanced) (GB Compatible)	mixrbv2	10
Tottoko Hamutarou - Tomodachi Daisakusen Dechu (Japan)	mixrbv2	10
Towers - Lord Baniff's Deceit (USA, Europe)	mixrbv2	10
Towers II - Plight of the Stargazer (USA) (Proto 3) (2001-12-09)	mixrbv2	10
Toy Story 2 (USA, Europe) (SGB Enhanced) (GB Compatible)	mixrbv2	10
Toy Story Racer (USA, Europe)	mixrbv2	10
Trade & Battle Card Hero (Japan) (SGB Enhanced) (GB Compatible)	mixrbv2	10
Trick Boarder (USA)	mixrbv2	10
Trip World DX (World) (Limited Run Games)	mixrbv2	10
Triple Play 2001 (USA, Europe)	mixrbv2	10
Trouballs (USA)	mixrbv2	10
Tsuri Sensei 2 (Japan) (SGB Enhanced) (GB Compatible)	mixrbv2	10
Tsuriiko!! (Japan)	mixrbv2	10
Turok - Rage Wars (USA, Europe) (En,Fr,De,Es)	mixrbv2	10
Turok 2 - Seeds of Evil (USA, Europe) (En,Fr,De,Es) (GB Compatible)	mixrbv2	10
Turok 3 - Shadow of Oblivion (USA, Europe) (En,Fr,De,Es)	mixrbv2	10
Tweenies - Doodles' Bones (Europe) (En,De,Es,It)	mixrbv2	10
Tweety's High-Flying Adventure (USA)	mixrbv2	10
Tyrannosaurus Tex (World) (Piko Interactive)	mixrbv2	10
Tyrian 2000 (USA) (Proto) (GB Compatible)	mixrbv2	10
UEFA 2000 (Europe) (En,Fr,De,Es,It,Nl)	mixrbv2	10
Uchuujin Tanaka Tarou de - RPG Tsukuru GB 2 (Japan)	mixrbv2	10
Ultimate Fighting Championship (USA)	mixrbv2	10
Ultimate Paintball (USA, Europe)	mixrbv2	10
Ultimate Surfing (USA)	mixrbv2	10
Uno (USA) (GB Compatible)	mixrbv2	10
V-Rally - Edition 99 (USA) (En,Fr,Es)	mixrbv2	10
VIP (USA) (En,Fr,Es)	mixrbv2	10
VR Sports - Powerboat Racing (USA) (Proto)	mixrbv2	10
Vegas Games (USA)	mixrbv2	10
Vigilante 8 (USA) (Rumble Version)	mixrbv2	10
Visiteurs, Les (France) (GB Compatible)	mixrbv2	10
WCW Mayhem (USA, Europe)	mixrbv2	10
WDL - World Destruction League - Thunder Tanks (USA) (En,Fr,De)	mixrbv2	10
WWF Attitude (USA, Europe)	mixrbv2	10
WWF Betrayal (USA, Europe)	mixrbv2	10
WWF WrestleMania 2000 (USA, Europe) (GB Compatible)	mixrbv2	10
Wacky Races (USA) (En,Fr,Es)	mixrbv2	10
Walt Disney World Quest - Magical Racing Tour (USA, Europe)	mixrbv2	10
Warau Inu no Bouken - Silly Go Lucky! (Japan)	mixrbv2	10
Wario Land 3 (World) (En,Ja)	mixrbv2	10
Wario Land II (USA, Europe) (SGB Enhanced) (GB Compatible)	mixrbv2	10
Warlocked (USA)	mixrbv2	10
Warriors of Might and Magic (USA) (En,Fr,De)	mixrbv2	10
Watashi no Kitchen (Japan)	mixrbv2	10
Watashi no Restaurant (Japan)	mixrbv2	10
Wendy - Der Traum von Arizona (Germany)	mixrbv2	10
Wendy - Every Witch Way (USA, Europe)	mixrbv2	10
Wetrix (Europe) (En,Fr,De)	mixrbv2	10
Who Wants to Be a Millionaire - 2nd Edition (USA)	mixrbv2	10
Wild Thornberrys, The - Rambler (USA)	mixrbv2	10
Wings of Fury (USA) (GB Compatible)	mixrbv2	10
Winnie the Pooh - Adventures in the 100 Acre Wood (USA)	mixrbv2	10
Wizardry Empire (Japan)	mixrbv2	10
Wizardry Empire - Fukkatsu no Tsue (Japan)	mixrbv2	10
Wizardry I - Proving Grounds of the Mad Overlord (Japan) (En,Ja)	mixrbv2	10
Wizardry II - Llylgamyn no Isan (Japan) (En,Ja)	mixrbv2	10
Wizardry III - Diamond no Kishi (Japan) (En,Ja)	mixrbv2	10
Woody Woodpecker (USA)	mixrbv2	10
Woody Woodpecker Racing (USA)	mixrbv2	10
Worms Armageddon (World) (Limited Run Games)	mixrbv2	10
X-Men - Mutant Academy (USA, Europe)	mixrbv2	10
X-Men - Mutant Wars (USA, Europe)	mixrbv2	10
X-Men - Wolverine's Rage (USA)	mixrbv2	10
Xena - Warrior Princess (USA, Europe) (En,Fr,De,Es,It,Nl)	mixrbv2	10
Xtreme Sports (World) (Switch)	mixrbv2	10
Xtreme Wheels (USA)	mixrbv2	10
Yakouchuu GB (Japan)	mixrbv2	10
Yars' Revenge (USA, Europe) (GB Compatible)	mixrbv2	10
Yogi Bear - Great Balloon Blast (USA)	mixrbv2	10
Yu-Gi-Oh! - Dark Duel Stories (USA)	mixrbv2	10
Yu-Gi-Oh! - Monster Capsule GB (Japan) (SGB Enhanced) (GB Compatible)	mixrbv2	10
Yu-Gi-Oh! Duel Monsters 4 - Battle of Great Duelist - Jounouchi Deck (Japan)	mixrbv2	10
Yu-Gi-Oh! Duel Monsters 4 - Battle of Great Duelist - Kaiba Deck (Japan)	mixrbv2	10
Yu-Gi-Oh! Duel Monsters 4 - Battle of Great Duelist - Yuugi Deck (Japan)	mixrbv2	10
Yu-Gi-Oh! Duel Monsters II - Dark Duel Stories (Japan) (SGB Enhanced) (GB Compatible)	mixrbv2	10
Zebco Fishing! (USA) (Rumble Version)	mixrbv2	10
Zen-Nihon Shounen Soccer Taikai - Mezase Nihon Ichi! (Japan)	mixrbv2	10
Zidane - Football Generation (Europe) (En,Fr,De,Es,It)	mixrbv2	10
Zoboomafoo - Playtime in Zobooland (USA)	mixrbv2	10
Zoids - Jashin Fukkatsu! Genobreaker Hen (Japan) (SGB Enhanced) (GB Compatible)	mixrbv2	10
Zoids - Shirogane no Juukishin Liger Zero (Japan)	mixrbv2	10
Zok Zok Heroes (Japan)	mixrbv2	10
