#key	synopsis
1942 (USA, Europe)	Una conversione del gioco arcade, 1942 è uno sparatutto a scorrimento verticale per uno o due giocatori. L'anno è il 1942, e tu sei un audace pilota di caccia &quot;Super Ace&quot;. Si inizia e si finisce ciascuno dei numerosi livelli su una portaerei e poi si vola in battaglia contro il nemico sia via mare che via terra. Dopo aver distrutto varie formazioni aeree è possibile raccogliere diversi power up per aumentare la potenza di fuoco e le possibilità di sopravvivenza.
Blaster Master - Enemy Below (World) (Evercade) (SGB Enhanced) (GB Compatible)	Un'antica minaccia è riapparsa e ancora una volta il pianeta è in pericolo. Blaster Master: Enemy Below porta su Game Boy Color il caratteristico mix di azione ed esplorazione della serie. Esplorate otto caverne, combattete contro i boss per ottenere i potenziamenti per Sophia III e sprofondate sempre di più nell'oscurità del covo nemico!
Bugs Bunny in - Crazy Castle 4 (USA)	Bugs Bunny in Crazy Castle 4 è il quarto episodio della serie di Crazy Castle per GB Color. Come nei primi tre capitoli impersonate Bugs Bunny, stavolta cercherete di scappare da Crazy Castle, e nel vostro viaggio incontrerete altri famosi amici di Looney Tunes: Taz, Yosemite Sam, Wile E. Coyote, Daffy Duck e Elmer Fudd. E' un platform game nel quale Bugs Bunny per riuscire nell'impresa di fuggire da Crazy Castle può salire scale, usare molle, liane e vari attrezzi tra cui martelli per rompere le rocce, carote per recuperare energia, armi per abbattere i nemici e picconi per scalare pareti rocciose. Oltre 60 livelli, in ognuno dei quali dovrete trovare le 8 chiavi necessarie per sbloccare l'accesso al livello successivo. Le trappole non mancheranno: pavimenti di ghiaccio, nastri trasportatori, pavimenti semoventi e piattaforme autodisgreganti.
Cannon Fodder (USA) (En,Fr,De,Es,It)	Guidate una squadra di un massimo di sei soldati attraverso diverse zone di battaglia in questo gioco d'azione/strategia dall'alto verso il basso. Si seleziona un soldato o un gruppo e si clicca su un pulsante per spostarlo in una determinata posizione e su un altro per sparare a un nemico. È anche possibile raccogliere granate o razzi che possono essere utilizzati per distruggere gruppi di nemici, edifici o determinati veicoli. Ogni missione ha un obiettivo specifico e alcune coinvolgono veicoli come i carri armati. Le truppe possono attraversare l'acqua ma non possono spararvi dentro, quindi trovare e controllare i ponti è spesso fondamentale. Potete sfruttare la disposizione degli alberi per trovare nascondigli da cui sparare, ma fate attenzione ai soldati nemici che fanno lo stesso.
Carmageddon - Carpocalypse Now (USA, Europe) (En,Fr,Es,It)	CARMAGEDDON porta tutta la carneficina dei giochi di corse d'azione per PC e Nintendo 64 sul Game Boy Color. Vesti i panni di uno degli ultimi sopravvissuti a un orribile disastro che ha trasformato un'intera città in zombi. Ora devi scendere in strada in una corsa mortale con altri sopravvissuti. Usa le tue armi e le tue abilità di guida per decimare i tuoi avversari ei pedoni zombificati che camminano per le strade. Troverai più di 30 tracce diverse di caos in quattro diverse aree, dandoti un sacco di rigiocabilità. Guadagna abbastanza punti e aggiornerai la tua macchina stradale con qualcosa di un po 'più distruttivo e ci sono 18 macchine diverse disponibili per il tuo uso. La grafica colorata rappresenta tutto il caos dei veicoli con velocità e stile, e una funzione password salva i tuoi progressi nel gioco.
Colin McRae Rally (Europe)	Colin McRae Rally on Gameboy è un gioco di corse che ti mette nei panni di un pilota di rally lanciato in diverse gare e campionati. Il gioco offre molte auto da guidare, oltre a una modalità carriera e molte modalità di gioco disponibili.
Croc (USA, Europe)	Non va tutto bene nel mondo di Croc. I suoi amici, i Gobbos, sono stati catturati dal malvagio barone Dante. La tua missione in questo platform 3D è cercare tra 42 diversi livelli per salvare tutti i tuoi amici prima che sia troppo tardi.
Croc 2 (World) (ModRetro Chromatic)	Croc inizia una ricerca per trovare i suoi genitori. Tuttavia, il barone Dante ha rapito i re Gobbos. Quindi Croc cambia i piani per salvare tutti i re Gobbo. Percorri 48 livelli in questo gioco 3D in ambiente gratuito. Devi superare tutti i livelli di un villaggio (tranne il livello segreto) per passare a quello successivo. In ogni villaggio (eccetto il quarto villaggio) ci sono 5 livelli regolari, 2 boss e 1 livello segreto. I livelli normali sono livelli in cui li sconfiggi e ottieni determinati oggetti al loro interno. I boss sono livelli in cui attraversi una sezione e alla fine combatti un mostro. I livelli segreti sono livelli in cui raccogli i pezzi del puzzle. Una volta raccolto il pezzo del puzzle nei 4 livelli segreti e sconfitto il barone Dante, Swap Meet Pete ti porterà ai livelli perduti.
Donkey Kong Country (USA, Europe) (En,Fr,De,Es,It)	In Donkey Kong Country si assume il ruolo del famoso gorilla di Nintendo. Re K. Rool ha rubato le banane di Donkey, così decide di partire alla loro ricerca. Ci sono due personaggi giocabili: Donkey è più grande e più forte, mentre Diddy è più veloce. Gli animali vi aiuteranno a superare alcuni livelli e a sconfiggere i Kremlings.
Doug's Big Game (USA)	Doug fa il suo ingresso nel mondo dei videogiochi con DOUG'S BIG GAME per Game Boy Color. Vesti i panni di Doug Funnie e del suo alter ego Quailman e cerca di ritrovare la tua amante scomparsa, Patti Mayonnaise. Puoi anche assumere il ruolo del tuo fedele cane Porkchop, che ha anche un suo alter ego da supereroe: Quaildog. Risolvi il mistero della scomparsa di Patti cercando indizi nella città di Bluffington e scrivili sul tuo diario per riferimento futuro. Scopri chi si nasconde dietro la scomparsa di Patti e dove si trova, esplorando 20 diverse ambientazioni della famosa serie TV, dove probabilmente incontrerai diversi personaggi famosi lungo il cammino. E non dimenticare di tenere d'occhio i potenziamenti che aumenteranno la forza e i poteri di Quailman. DOUG'
Dragon Ball Z - Legendary Super Warriors (USA)	Dragon Ball Z: I leggendari super guerrieri è un gioco di combattimento a turni, basato sulla storia di Dragon Ball Z, distribuito per il Game Boy Color. È basato su duelli, che possono andare da 1 VS 1 a 2 VS 2. Nei duelli a ciascun giocatore è dato un mazzo di carte. Il mazzo di carte è costruito dallo stesso giocatore man mano che prosegue nella storia. Le carte si suddividono in: abilità speciali, attacco e oggetti di supporto. Le modalità di gioco sono quattro: avventura, scambio, multigiocatore e battaglia.
Harvest Moon 2 GBC (USA) (SGB Enhanced) (GB Compatible)	Harvest Moon 2 GBC è un gioco di ruolo per Gameboy Color ambientato in un mondo rurale dove l'obiettivo è quello di curare tranquillamente il proprio orticello e commerciare. La vita da agricoltore vi dà l'opportunità di coltivare la terra, di occuparvi del bestiame e di condividere i vostri sogni di felicità con il vostro partner. E più elfi del raccolto si trovano, più si viene aiutati a svolgere i vari compiti quotidiani.
Marble Madness (USA, Europe)	Un adattamento del gioco arcade. Marble Madness è un gioco astratto a labirinto per uno o due giocatori, a seconda della piattaforma. L'obiettivo è guidare una piccola biglia di vetro attraverso un labirinto tridimensionale e raggiungere il traguardo prima dello scadere del tempo. I secondi rimasti sul timer quando si taglia il traguardo vengono trasferiti al livello successivo. Oltre a dover superare pericolose passerelle e rampe, numerosi ostacoli e creature ostili tenteranno di rallentare l'avanzamento della biglia o di farla cadere dal bordo di una piattaforma, facendo perdere altri secondi preziosi fino alla comparsa di una biglia sostitutiva.
Missile Command (USA) (Rumble Version)	Misteriosi invasori stanno attaccando le vostre città! Come comandante di una base missilistica, è vostra responsabilità difenderle. I nemici arriveranno dal cielo per cercare di distruggere le città in fondo allo schermo. Dovete sparare missili per evitare i bombardamenti. Avete una quantità limitata di munizioni, quindi assicuratevi che i vostri colpi siano precisi.
Mortal Kombat 4 (USA, Europe) (SGB Enhanced) (GB Compatible)	Due combattenti entrano nell'arena; il vincitore andrà avanti nel torneo, l'altro sarà morto. Questo torneo per il controllo della Terra dura da secoli e continua in MORTAL KOMBAT 4. Scegli tra otto diversi personaggi: Fujin, Liu Kang, Sub Zero, Tanya, Quan Chi, Raiden, Reiko, Shinnok, Scorpion e alcuni nascosti anche personaggi. Ogni personaggio ha mosse, combinazioni e fatality uniche e quando esegui correttamente una fatality, viene riprodotta una breve rievocazione animata. In tutto il gioco, ci sono Kombat Kode speciali esclusivi del Game Boy Color, e avrai anche un bel po 'di discorso durante il gioco. Se pensi di essere il combattente più forte, dimostralo con MORTAL KOMBAT 4.
Mr. Driller (USA)	Il mondo di Mr. Driller è stato ricoperto da misteriosi blocchi. Armati solo di un potente trapano, dovrete scavare per raggiungere la salvezza prima che la sua riserva d'aria si esaurisca! Mr Driller è un puzzle game in tempo reale che si basa esclusivamente sulla rapidità di pensiero e su un po' di pianificazione. Il gameplay è una combinazione di Tetris e Boulder Dash: dovete perforare i blocchi multicolori per arrivare in fondo, evitando che i blocchi in cima cadano e vi schiaccino a causa della troppa perforazione.
Pokemon - Crystal Version (USA)	Terzo capitolo della serie principale ambientato nella regione di Johto, Pokémon Cristallo si presenta come una versione ampliata di Pokémon Oro e Argento. Tra le novità introdotte, la possibilità di giocare per la prima volta nei panni di un'allenatrice e l'animazione degli sprite dei Pokémon in lotta. Come nei capitoli precedenti, il giocatore potrà affrontare gli altri allenatori di Pokémon incontrati lungo il cammino, sfidare i Capopalestra per conquistare le otto medaglie e ottenere il diritto di competere nella Lega Pokémon, al fine di diventarne il nuovo Campione.
Pokemon - Gold Version (USA, Europe) (SGB Enhanced) (GB Compatible)	Pokémon Versione Oro, meglio conosciuto come Pokémon Oro è un videogioco di ruolo della serie Pokémon pubblicato da Nintendo per Game Boy, Super Game Boy e Game Boy Color. Il titolo introduce 100 nuovi Pokémon appartenenti alla seconda generazione. Pokémon Oro è ambientato nelle regioni di Johto e di Kanto, quest'ultima già apparsa in Pokémon Rosso, Pokémon Blu e Pokémon Giallo.
Pokemon - Silver Version (USA, Europe) (SGB Enhanced) (GB Compatible)	Pokémon Versione Argento, meglio conosciuto come Pokémon Argento è un videogiochi di ruolo della serie Pokémon pubblicato da Nintendo per Game Boy, Super Game Boy e Game Boy Color. Il titolo introduce 100 nuovi Pokémon appartenenti alla seconda generazione. Pokémon Argento è ambientato nelle regioni di Johto e di Kanto, quest'ultima già apparsa in Pokémon Rosso, Pokémon Blu e Pokémon Giallo.
R-Type DX (USA, Europe) (GB Compatible)	Il governo mondiale ha bisogno del tuo aiuto. Una sonda nello spazio profondo ha scoperto i piani segreti dell'Impero Bydo per organizzare un attacco alla Terra. Una forza d'assalto su vasta scala sarebbe stata rilevata dagli scanner a lungo raggio dell'Impero e ogni speranza di sorpresa sarebbe andata perduta. La nostra unica possibilità è che un singolo pilota a bordo di un caccia R-Type solitario penetri nel sistema di difesa Bydo e distrugga il malvagio Impero prima che possa lanciare il suo attacco. Distruggi le difese di Bydo mentre fai esplodere i nemici con la catena di fuoco, il super laser e il raggio bolla. Porta il combattimento a un livello febbrile con due modalità di fuoco rapido al cardiopalma sul tuo sistema Game Boy Color.
Resident Evil Gaiden (USA)	Si ritiene che Umbrella, i creatori del virus mortale che ha spazzato via Raccoon City, abbia sviluppato una nuova arma bio-organica su una nave da crociera chiamata Starlight, che si sta dirigendo verso l'Europa. Un agente, Leon S Kennedy (da Resident Evil 2) è stato inviato per distruggere l'arma, ma la squadra non è stata in grado di contattarlo da quando è arrivato sulla nave. Usando una combinazione di azione a scorrimento laterale dall'alto verso il basso e sparatutto in prima persona, il tuo compito è salire a bordo del transatlantico, che attualmente galleggia nell'Oceano Atlantico, distruggere l'arma e trovare Leon. Lungo la strada, incontrerai molti nemici non morti, simili a quelli trovati nella serie originale di Resident Evil, mentre usi una varietà di armi e oggetti trovati sulla nave.
Super Breakout (World) (ModRetro Chromatic)	Super Breakout presenta un gameplay simile all'originale, ma con nuove varianti. L'obiettivo è segnare il maggior numero di punti distruggendo i mattoni nella parte superiore dello schermo. Per farlo, è necessario utilizzare la paletta nella parte inferiore dello schermo per mantenere una palla rimbalzante all'interno del campo di gioco. Sono incluse quattro varianti di gioco. La prima è &quot;Breakout&quot; e si gioca come il gioco originale.
SWiV (Europe) (En,Fr,De,Es,It)	Questa versione di SWIV è un adattamento della versione SNES (nota come Firepower 2000 in Nord America). Si tratta di uno sparatutto a scorrimento verticale in cui il giocatore può scegliere se pilotare un elicottero o guidare una jeep d'attacco. L'elicottero non è bloccato da ostacoli, ma può sparare solo in avanti. A differenza della versione SNES/Genesis, la Jeep e l'elicottero hanno le stesse caratteristiche: stessa velocità, stessa armatura, stessa agilità. Anche i livelli sono &quot;ispirati&quot; alla versione del 1992, ma modificati (meno lunghi, meno nemici). Anche la modalità a due giocatori (uno controlla l'elicottero, l'altro la jeep) è stata rimossa.
Tintin au Tibet (Europe) (En,Fr,De,Es,It,Nl,Sv)	Le avventure di Tintin racconta la storia di un reporter che non ha paura del pericolo. In questo gioco basato sul fumetto, Tintin è in vacanza sulle Alpi francesi e scopre attraverso il giornale un incidente aereo nella regione del Tibet. Di notte, il reporter sogna che il suo amico Chang è sull'aereo e ha bisogno del suo aiuto. Dopo aver confermato i suoi sospetti, il giovane si mette in viaggio per salvare il suo amico, affrontando fasi progressive con enigmi lungo il percorso. Dovrete scalare scogliere, pareti rocciose, laghi pericolosi e persino scalare un ghiacciaio con il vostro amico Capitano Haddock alla ricerca di Chang.
TOCA Touring Car Championship (USA, Europe)	Un titolo per Game Boy Color della serie di corse TOCA di Codemasters. Combatti per guadagnare posizioni senza perdere il controllo della tua auto mentre gareggi in nove diverse piste originali del Campionato Britannico di Turismo (TOCA). Gli sviluppatori hanno lavorato duramente per programmare una fisica realistica nel gameplay. Nonostante l'utilizzo dell'hardware del Game Boy Color, il gioco riesce a visualizzare fino a otto auto contemporaneamente sullo schermo. Le caratteristiche includono otto diverse modalità di gioco, come gara singola, campionato, cronosfida e modalità party.
