#key	name	year	genre	developer	players
10-Pin Bowling (USA) (Proto)	10-Pin Bowling	1999	Sports / Bowling/Sports	Morning Star Multimedia	1-2
3 Choume no Tama - Tama and Friends - 3 Choume Obake Panic!! (Japan)	3 Choume no Tama : Tama and Friends, 3 Choume Obake Panic!!	1994	Adventure	Tom Create	1
3-pun Yosou - Umaban Club (Japan)	3-pun Yosou : Umaban Club	1992	Sports with animals/Horse racing	HectorSoft	1
4-in-1 Fun Pak (USA, Europe)	4-in-1 Fun Pak	1992	Board game	Beam Software	1-2
4-in-1 Funpak - Volume II (USA, Europe)	4-in-1 Fun Pak Volume II	1992	Board game	Beam Software	1-2
A-mazing Tater (USA)	Amazing Tater	1991	Puzzle/Strategy	Atlus	1
Aa Harimanada (Japan)	Aa Harimanada	1993	Sports / Sumo/Sports	SEGA	1-2
Addams Family, The (USA)	The Addams Family	1992	Platform	Ocean	1
Addams Family, The - Pugsley's Scavenger Hunt (USA, Europe)	The Addams Family : Pugsley's Scavenger Hunt	1993	Platform	Ocean	1
Adventure Island (USA, Europe)	Adventure Island	1992	Platform	Hudson Soft	1
Adventure Island II - Aliens in Paradise (USA, Europe)	Adventure Island II: Aliens in Paradise	1993	Platform	Hudson Soft	1
Adventures of Lolo (Europe) (SGB Enhanced)	Adventures Of Lolo	1995	Puzzle	HAL Laboratory	1
Adventures of Rocky and Bullwinkle and Friends, The (USA)	The Adventures of Rocky and Bullwinkle and Friends	1992	Platform	Imagineer	1
Adventures of Star Saver, The (USA, Europe)	The Adventures of Star Saver	1992	Platform	A Wave Inc	1
Aerostar (USA, Europe)	Aerostar	1991	Shoot'em Up	Sigma Pro-Tech	1
After Burst (Japan) (En)	After Burst	1990	Puzzle	Dual	1
Akazukin Chacha (Japan) (SGB Enhanced)	Akazukin Chacha	1995	Role Playing Game	Access Games	1
Aladdin (World) (Disney Classic Games) (SGB Enhanced)	Aladdin	1994	Platform	Virgin	1
Alfred Chicken (USA)	Alfred Chicken	1994	Platform / Run & Jump Scrolling/Platform	Twilight	1
Alien 3 (USA, Europe)	Alien 3	1993	Shooter / Run and Gun/Shooter	Bits Studios	1
Alien Olympics (Europe)	Alien Olympics	1994	Sports / Multisports/Sports	Dark Technologies	1-2
Alien vs Predator - The Last of His Clan (USA)	Aliens Versus Predator : The Last of His Clan	1993	Platform	ASK Kodansha	1
All-Star Baseball 99 (USA)	All-Star Baseball 99	1998	Sports / Baseball/Sports	Iguana Entertainment	1
Alleyway (World)	Alleyway	1989	Action / Breakout games/Action	Intelligent Systems	1
Altered Space - A 3-D Alien Adventure (USA)	Altered Space: A 3-D Alien Adventure	1991	Puzzle	Software Creations	1
Amazing Penguin (World) (Limited Run Games)	Amazing Penguin	1990	Action / Labyrinth/Action	Natsume	1
Amazing Spider-Man, The (USA, Europe)	The Amazing Spider-Man	1990	Platform	Rareware	1
America Oudan Ultra Quiz (Japan)	America Oudan Ultra Quiz	1990	Quiz / Japanese/Quiz	Tomy	1-4
America Oudan Ultra Quiz Part 2 (Japan)	America Oudan Ultra Quiz Part 2	1991	Quiz / Japanese/Quiz	Tomy	1-2
America Oudan Ultra Quiz Part 3 - Champion Taikai (Japan)	America Oudan Ultra Quiz Part 3 : Champion Taikai	1992	Quiz / Japanese/Quiz	Tomy	1
America Oudan Ultra Quiz Part 4 (Japan)	America Oudan Ultra Quiz Part 4	1993	Quiz / Japanese/Quiz	Tomy	1
Amida (Japan) (En)	Amida	1990	Puzzle	Coconuts Japan	1
Animal Breeder (Japan) (SGB Enhanced)	Animal Breeder	1997	Strategy	J-Wing	1
Animal Breeder 2 (Japan) (SGB Enhanced)	Animal Breeder 2	1998	Strategy	J-Wing	1
Animaniacs (USA) (SGB Enhanced)	Animaniacs	1995	Platform	Factor 5	1
Another Bible (Japan) (SGB Enhanced)	Another Bible	1995	Role Playing Game	Dice	1
Aoki Densetsu Shoot! (Japan) (SGB Enhanced)	Aoki Densetsu Shoot!		Sports / Football (Soccer)/Sports		
Arcade Classic No. 1 - Asteroids & Missile Command (USA, Europe) (SGB Enhanced)	Arcade Classic No. 1 - Asteroids & Missile Command	1995	Compilation/Shoot'em Up	The Code Monkeys	1-2
Arcade Classic No. 2 - Centipede & Millipede (USA, Europe) (SGB Enhanced)	Arcade Classic No. 2 : Centipede & Millipede	1995	Compilation/Shooter	The Code Monkeys	1
Arcade Classic No. 3 - Galaga & Galaxian (USA) (SGB Enhanced)	Arcade Classic No. 3 - Galaga & Galaxian	1995	Shoot'em Up / Vertical/Compilation/Shoot'em Up	TOSE	1-2
Arcade Classic No. 4 - Defender & Joust (USA, Europe) (SGB Enhanced)	Arcade Classic No. 4 : Defender & Joust	1995	Compilation/Shoot'em Up	Williams	1-2
Arcade Classics - Super Breakout & Battlezone (USA, Europe) (SGB Enhanced)	Arcade Classics : Battlezone & Super Breakout	1996	Compilation	Solid Software	1-2
Aretha (Japan)	Aretha	1990	Role Playing Game	Japan Art Media	1
Aretha II (Japan)	Aretha II: Ariel no Fushigi na Tabi	1991	Role Playing Game	Japan Art Media	1
Aretha III (Japan)	Aretha III	1992	Role Playing Game	Japan Art Media	1
Asmik-kun World 2 (Japan)	Asmik-kun World 2	1991	Puzzle	Cyclone System	1
Asterix & Obelix (Europe) (En,Es) (SGB Enhanced)	Astérix & Obélix	1995	Platform	Bit Managers	1
Asterix (Europe) (En,Fr,De,Es,It)	Astérix	1993	Platform	Infogrames	1
Asteroids (USA, Europe)	Asteroids	1992	Shoot'em Up	Code Monkeys	1-2
Astro Rabby (Japan) (En)	Astro Rabby	1990	Platform	Information Global Service	1
Atomic Punk (USA)	Atomic Punk	1991	Action / Labyrinth/Action	Hudson Soft	1
Attack of the Killer Tomatoes (USA, Europe)	Attack of the Killer Tomatoes	1992	Platform	Equilibrium	1
Avenging Spirit (USA, Europe)	Avenging Spirit	1992	Platform	C.P. Brain	1
Ayakashi no Shiro (Japan)	Ayakashi no Shiro	1990	Role Playing Game	SETA	1
Baby's Day Out (USA) (Proto)	Baby's Day Out				
Bakenou TV '94 (Japan) (SGB Enhanced)	Bakenou TV '94	1994	Horse racing/Sports with animals	Graphic Research	1
Bakenou V3 (Japan)	Bakenou V3	1993	Horse racing/Sports with animals	Graphic Research	1
Bakuchou Retrieve Master (Japan) (SGB Enhanced)	Bakuchou Retrieve Master	1998	Role Playing Game	TOSE	1
Bakuchou Retsuden Shou - Hyper Fishing (Japan) (SGB Enhanced)	Bakuchou Retsuden Shou - Hyper Fishing	1998	Fishing/Hunting and Fishing	Starfish	1
Balloon Kid (USA, Europe)	Balloon Kid	1990	Platform	Nintendo	1-2
Banishing Racer (Japan)	Banishing Racer	1991	Platform	Jaleco	1
Barbie - Game Girl (USA, Europe)	Barbie : Game Girl	1992	Platform	Imagineer	1
Bart Simpson's Escape from Camp Deadly (USA, Europe)	Bart Simpson's Escape from Camp Deadly	1991	Platform	Imagineer	1
Baseball (World)	Baseball	1989	Sports / Baseball/Sports	Nintendo	1-2
Bases Loaded (USA)	Bases Loaded	1990	Sports / Baseball/Sports	TOSE	1-2
Bass Fishing Tatsujin Techou (Japan)	Bass Fishing Tatsujin Techou	1996	Fishing/Hunting and Fishing	Starfish	1
Batman - Return of the Joker (USA, Europe)	Batman : Return of the Joker	1992	Platform	Sunsoft	1
Batman - The Animated Series (USA, Europe)	Batman : The Animated Series	1993	Platform / Fighter Scrolling/Platform	Konami	1
Batman - The Video Game (World)	Batman : The Video Game	1990	Platform / Shooter Scrolling/Platform	Sunsoft	1
Batman Forever (USA, Europe)	Batman Forever	1995	Beat'em Up	Probe Entertainment	1
Battle Arena Toshinden (USA) (SGB Enhanced)	Battle Arena Toshinden	1996	Fighting / Versus/Fighting	Tamsoft	1-2
Battle Bull (USA)	Battle Bull	1991	Action / Labyrinth/Action	Jorudan	1-2
Battle Crusher (Japan) (SGB Enhanced)	Battle Crusher	1995	Fighting	Sun L	1-2
Battle Dodge Ball (Japan)	Battle Dodge Ball	1992	Sports / Dodgeball/Sports	Sun L	1-2
Battle of Kingdom (Japan)	Battle of Kingdom	1991	Playing cards	Lenar	1
Battle of Olympus, The (Europe) (En,Fr,De,Es,It)	The Battle of Olympus	1993	Adventure	Infinity	1-2
Battle Pingpong (Japan) (En)	Battle Pingpong	1990	Sports / Table tennis/Sports	Quest	1-2
Battle Space (Japan)	Battle Space	1992		Akson Software	1-2
Battle Unit Zeoth (USA, Europe)	Battle Unit Zeoth	1991	Shoot'em Up / Horizontal/Shoot'em Up	Jaleco	1
BattleCity (Japan) (En)	BattleCity	1991	Shoot'em Up	Namco	1-2
Battleship (USA, Europe)	Battleship	1992	Strategy	Pack In Video	1-2
Battletoads (USA, Europe)	Battletoads	1991	Beat'em Up	Rareware	1
Battletoads in Ragnarok's World (USA)	Battletoads in Ragnarok's World	1993	Beat'em Up	Rareware	1
Battletoads-Double Dragon (USA)	Battletoads / Double Dragon	1993	Beat'em Up	Rareware	1
Beavis and Butt-head (USA, Europe)	Beavis and Butt-Head	1999	Platform	Viacom New Media	1
Beethoven (Europe) (SGB Enhanced)	Beethoven : The Ultimate Canine Caper	1993	Platform	Unexpected Development	1
Beetlejuice (USA)	Beetlejuice	1992	Platform	Rareware	1
Best of the Best - Championship Karate (USA)	Best of the Best : Championship Karate	1992	Sports / Boxing/Sports	Loriciel	1
Bikkuri Nekketsu Shin Kiroku! - Dokodemo Kin Medal (Japan)	Bikkuri Nekketsu Shin Kiroku! : Dokodemo Kin Medal	1993	Sports / Multisports/Sports	Million	1-2
Bill & Ted's Excellent Game Boy Adventure - A Bogus Journey! (USA, Europe)	Bill & Ted's Excellent Game Boy Adventure	1991	Adventure	LJN	1
Bill Elliott's NASCAR Fast Tracks (USA)	Bill Elliott's NASCAR Fast Tracks	1991	Racing, Driving	Distinctive Software	1-2
Bionic Battler (USA)	Bionic Battler	1990	Action / Labyrinth/Action	Copya System	1
Bionic Commando (USA)	Bionic Commando	1992	Platform / Shooter Scrolling/Platform	Minakuchi Engineering	1
Bishoujo Senshi Sailor Moon (Japan)	Bishoujo Senshi Sailor Moon	1992	Beat'em Up	Arc System Works	1
Bishoujo Senshi Sailor Moon R (Japan)	Bishoujo Senshi Sailor Moon R	1994	Adventure	Angel	1
Black Bass - Lure Fishing (USA)	Black Bass : Lure Fishing	1994	Fishing/Hunting and Fishing	Hot-B	1
Blade Warrior (Europe) (Proto)	Blade Warrior				
Blades of Steel (USA)	Blades of Steel	1991	Sports / Hockey/Sports	Konami	1
Blaster Master Boy (USA)	Blaster Master Boy	1991	Action / Labyrinth/Action	Aicom Corporation	1
Block Kuzushi GB (Japan) (SGB Enhanced)	Block Kuzushi GB	1995	Action / Breakout games/Action	OeRSTED	1
Blodia (Japan) (En)	Blodia	1990	Puzzle	Hudson Soft	1-2
Blues Brothers, The (USA, Europe)	The Blues Brothers	1992	Platform/Platform / Run & Jump Scrolling	Titus	1
Blues Brothers, The - Jukebox Adventure (Europe)	The Blues Brothers : Jukebox Adventure	1994	Platform	Titus	1
Bo Jackson - Two Games in One (USA)	Bo Jackson : Two Games in One	1991	Sports	Equilibrium	1
Bobby's World (USA) (Proto) (SGB Enhanced)	Bobby's World				
Boggle Plus (USA)	Boggle Plus	1992	Board game/Puzzle	Sculptured Software	1
Bomb Jack (Europe)	Bomb Jack	1992	Platform	Tehkan	1-4
Bomberman Collection (Japan) (SGB Enhanced)	Bomber Man Collection	1996	Puzzle/Compilation	Hudson Soft	1-2
Bomberman GB (USA, Europe) (SGB Enhanced)	Bomberman GB	1998	Action/Action/Action / Labyrinth/Action	Hudson Soft	1
Bomberman GB 3 (Japan) (SGB Enhanced)	Bomberman GB 3	1996	Puzzle	Hudson Soft	1
Bonk's Adventure (USA)	Bonk's Adventure	1992	Platform	Red Company Corporation	1
Bonk's Revenge (USA) (SGB Enhanced)	Bonk's Revenge	1994	Platform	AI	1
Booby Boys (Japan)	Booby Boys	1993	Action / Labyrinth/Action	Nichibutsu	1
Boomer's Adventure in ASMIK World (USA)	Boomer's Adventure in ASMIK World	1990	Puzzle	Graphic Research	1-2
Boulder Dash (Europe)	Boulder Dash	1990	Puzzle	Beam Software	1-2
Boxxle (USA)	Boxxle	1990	Puzzle/Strategy	Atelier Double	1
Boxxle II (USA, Europe)	Boxxle II	1990	Puzzle	Thinking Rabbit	1
Brain Bender (USA)	Brain Bender	1992	Puzzle	Electro Brain	1
Brain Drain (USA) (SGB Enhanced)	Brain Drain	1998	Puzzle	Visual Impact	1
Bram Stoker's Dracula (USA, Europe)	Bram Stoker's Dracula	1993	Platform	Psygnosis	1
BreakThru! (USA)	BreakThru!	1995	Puzzle	Zoo	1-2
Bubble Bobble (USA, Europe)	Bubble Bobble	1991	Platform	Taito	1
Bubble Bobble Part 2 (USA, Europe)	Bubble Bobble Part 2	1993	Platform	Taito	1
Bubble Ghost (USA, Europe)	Bubble Ghost	1990	Puzzle	Ere Informatique	1
Bubsy II (USA)	Bubsy II	1994	Platform	Accolade	1
Bugs Bunny Collection (Japan) (SGB Enhanced)	Bugs Bunny Collection	1997	Compilation	Kemco	1
Bugs Bunny Crazy Castle 2, The (USA)	The Bugs Bunny Crazy Castle 2	1991	Puzzle/Strategy	Kemco	1
Bugs Bunny Crazy Castle, The (USA, Europe)	The Bugs Bunny Crazy Castle	1990	Puzzle/Strategy	Kemco	1
Burai Fighter Deluxe (USA, Europe)	Burai Fighter Deluxe	1999	Shoot'em Up	Kindle Imagine Develop	1
BurgerTime Deluxe (World)	BurgerTime Deluxe	1992	Platform	Data East	1-2
Burning Paper (Japan) (En)	Burning Paper	1993	Puzzle	Pixel	1
Bust-A-Move 2 - Arcade Edition (USA, Europe)	Bust-A-Move 2 : Arcade Edition	1997	Puzzle / Throw/Puzzle	Acclaim Entertainment	1
Bust-A-Move 3 DX (Europe)	Bust-A-Move 3 DX	1998	Puzzle	Taito	1
Buster Bros. (USA)	Buster Bros.	1993	Shooter / TPV/Shooter	Ocean	1-2
Caesars Palace (USA)	Caesars Palace	1991	Casino	Magnin & Associates	1
Calculator (Unknown) (Proto)	Calculator				
Capcom Quiz - Hatena no Daibouken (Japan)	Capcom Quiz : Hatena no Daibouken	1990	Quiz	Capcom	1-2
Captain America and the Avengers (USA)	Captain America and the Avengers		Beat'em Up	Data East	1
Captain Tsubasa J - Zenkoku Seiha e no Chousen (Japan) (SGB Enhanced)	Captain Tsubasa J : Zenkoku Seiha e no Chousen	1995	Sports / Football (Soccer)/Sports	Bandai	1
Captain Tsubasa VS (Japan)	Captain Tsubasa VS	1992	Sports / Football (Soccer)/Sports	Graphic Research	1
Card Game (Japan) (En)	Card Game	1990	Playing cards	Marionette	1-2
Casino FunPak (USA, Europe)	Casino FunPak	1995	Casino	Beam Software	1
Casper (USA)	Casper	1996	Adventure	Funcom	1
Castelian (USA)	Castelian	1991	Platform	Bits Studios	1
Castle Quest (Europe)	Castle Quest	1993	Role Playing Game	Hudson Soft	1
Castlevania - The Adventure (USA)	Castlevania : The Adventure	1989	Platform	Konami	1
Castlevania II - Belmont's Revenge (USA, Europe)	Castlevania II : Belmont's Revenge	1992	Platform	Konami	1
Castlevania Legends (USA, Europe) (SGB Enhanced)	Castlevania Legends	1998	Platform	Konami	1
Catrap (USA)	Catrap	1990	Puzzle	ASK Kodansha	1
Cave Noire (Japan)	Cave Noire	1991	Role Playing Game	Konami	1
Centipede (USA, Europe) (Accolade)	Centipede	1992	Shooter / Space Invaders Like/Shooter	Code Monkeys	1-2
Chachamaru Boukenki 3 - Abyss no Tou (Japan)	Chachamaru Boukenki 3 : Abyss no Tou	1991	Role Playing Game	Human Entertainment	1
Chachamaru Panic (Japan)	Chachamaru Panic	1991	Action / Breakout games/Action	Human Entertainment	1-4
Chalvo 55 - Super Puzzle Action (Japan)	Chalvo 55 : Super Puzzle Action	1997	Platform	Japan System Supply	1
Championship Pool (USA)	Championship Pool	1993	Sports / Pool/Sports	Bitmasters	1
Chase H.Q. (USA, Europe)	Chase H.Q.	1990	Racing, Driving	Taito	1
Chessmaster, The (USA, Europe)	Chessmaster	1991	Board game/Puzzle	Park Place Productions	2
Chibi Maruko-chan - Maruko Deluxe Theater (Japan) (SGB Enhanced)	Chibi Maruko-chan : Maruko Deluxe Theater	1995	Adventure	Kindle Imagine Develop	1
Chibi Maruko-chan - Okozukai Daisakusen! (Japan)	Chibi Maruko-chan : Okozukai Daisakusen!	1990	Role Playing Game	Kindle Imagine Develop	1
Chibi Maruko-chan 2 - Deluxe Maruko World (Japan)	Chibi Maruko-chan 2 : Deluxe Maruko World	1991	Adventure	Kindle Imagine Develop	1
Chibi Maruko-chan 3 - Mezase! Game Taishou no Maki (Japan)	Chibi Maruko-chan 3 : Mezase! Game Taishou no Maki	1992	Adventure	Kindle Imagine Develop	1
Chibi Maruko-chan 4 - Kore ga Nihon Da yo! Ouji-sama (Japan)	Chibi Maruko-chan 4 - Kore ga Nihon Da yo! Ouji-sa	1992	Board game	Kindle Imagine Develop	1
Chiki Chiki Machine Mou Race (Japan)	Chiki Chiki Machine Mou Race	1992	Racing, Driving	Altus	1
Chiki Chiki Tengoku (Japan)	Chiki Chiki Tengoku	1995	Puzzle	J-Wing	1
Chikyuu Kaihou Gun ZAS (World) (ModRetro Chromatic)	Chikyuu Kaihou Gun ZAS	1992	Shoot'em Up / Vertical/Shoot'em Up	T&E Soft	1
Choplifter II - Rescue & Survive (USA)	Choplifter II : Rescue & Survive	1991	Shooter / Plane/Various/Shoot'em Up / Horizontal/Shoot'em Up/Shooter	Beam Software	1-2
Choplifter III (Europe)	Choplifter III	1994	Shoot'em Up / Horizontal/Shoot'em Up	Ocean	1-2
Chou Mashin Eiyuu Den Wataru - Mazekko Monster (Japan) (SGB Enhanced)	Chou Mashin Eiyuu Den Wataru : Mazekko Monster	1997	Role Playing Game	Alpha Unit	1
Chou Mashin Eiyuu Den Wataru - Mazekko Monster 2 (Japan) (SGB Enhanced)	Chou Mashin Eiyuu Den Wataru : Mazekko Monster 2	1998	Role Playing Game	Alpha Unit	1
Chousoku Spinner (Japan) (SGB Enhanced)	Chousoku Spinner	1998	Adventure	Hudson Soft	1
Chuck Rock (USA, Europe)	Chuck Rock	1993	Platform	Core Design	1-2
Cliffhanger (USA, Europe)	Cliffhanger	1993	Platform	Malibu Games	1-2
Collection Pocket (Japan) (SGB Enhanced)	Collection Pocket	1997	Compilation/Various	Naxat Soft	1
College Slam (USA)	College Slam	1996	Sports / Basketball/Sports	Iguana Entertainment	1
Contra - The Alien Wars (USA) (SGB Enhanced)	Contra : The Alien Wars	1994	Shooter / Run and Gun/Shooter	Konami	1
Cool Ball (USA)	Cool Ball	1991	Platform / Run & Jump/Platform	Loriciel	1
Cool Hand (Europe)	Cool Hand	1998	Casino / Cards/Casino	Tarantula	1
Cool Spot (USA)	Cool Spot	1994	Platform	NMS Software	1
Cool World (USA, Europe)	Cool World	1993	Platform	Twilight Games	1
Cosmo Tank (USA)	Cosmo Tank	1990	Shoot'em Up	Atlus	1-2
Crayon Shin-chan - Ora no Gokigen Collection (Japan) (SGB Enhanced)	Crayon Shin-chan : Ora no Gokigen Collection	1996		Bandai	1
Crayon Shin-chan - Ora to Shiro wa Otomodachi Da yo (Japan)	Crayon Shin-chan - Ora to Shiro wa Otomodachi Da y	1993	Platform	Bandai	1
Crayon Shin-chan 2 - Ora to Wanpaku Gokko Dazo (Japan)	Crayon Shin-chan 2 : Ora to Wanpaku Gokko Dazo	1993	Platform	Bandai	1
Crayon Shin-chan 3 - Ora no Gokigen Athletic (Japan)	Crayon Shin-chan 3 : Ora no Gokigen Athletic	1994		Bandai	1
Crayon Shin-chan 4 - Ora no Itazura Daihenshin (Japan) (SGB Enhanced)	Crayon Shin-chan 4 : Ora no Itazura Daihenshin	1994	Platform	Bandai	1
Crystal Quest (USA)	Crystal Quest	1985	Adventure	Casady & Greene	1-2
Cult Jump (Japan)	Cult Jump	1993	Quiz/Adventure	Sun L	1
Cult Master - Ultraman ni Miserarete (Japan)	Cult Master : Ultraman ni Miserarete	1993	Quiz	Minato Giken	1
CutThroat Island (USA, Europe)	Cutthroat Island	1996	Platform	Software Creations	1
Cyraid (USA)	Cyraid	1991	Puzzle	SAS Sakata	1
Daedalian Opus (USA)	Puzzle Road	1990	Puzzle	Vic Tokai Corporation	1
Daffy Duck (USA, Europe) (SGB Enhanced)	Daffy Duck	1994	Platform	Sunsoft	1
Dai-2-ji Super Robot Taisen G (Japan) (SGB Enhanced)	Dai-2-ji Super Robot Taisen G	1995	Role Playing Game	Banpresto	1
Daikaijuu Monogatari - The Miracle of the Zone (Japan) (SGB Enhanced)	Daikaijuu Monogatari : The Miracle of the Zone	1998	Action RPG/Role Playing Game	Birthday	1
Daiku no Gen-san - Robot Teikoku no Yabou (Japan)	Daiku no Gen-san : Robot Teikoku no Yabou	1994	Platform	Irem	1
Daisenryaku (Japan)	Daisenryaku	1991	Strategy	SystemSoft	1
Darkman (USA, Europe)	Darkman	1992	Platform	Ocean	1
Darkwing Duck (USA)	Disney's Darkwing Duck	1993	Platform	Capcom	1
David Crane's The Rescue of Princess Blobette (World) (Limited Run Games)	David Crane's The Rescue of Princess Blobette	1989	Puzzle/Platform	Absolute Entertainment	1
Days of Thunder (USA, Europe)	Days of Thunder	1992	Racing, Driving	Argonaut Software	1
Dead Heat Scramble (USA)	Dead Heat Scramble	1990	Racing, Driving	Copya System	1-2
Death Track (Europe) (Proto)	Death Track				
Dennis the Menace (USA)	Dennis the Menace	1993	Platform	Ocean	1
Desert Strike - Return to the Gulf (USA) (SGB Enhanced)	Desert Strike : Return to the Gulf	1995	Shoot'em Up	Electronic Arts	1
Dexterity (USA, Europe)	Dexterity	1990	Puzzle	SNK	1
Diablo (USA) (Proto)	Diablo	2007	Role Playing Game	Blizzard Entertainment	1
Dick Tracy (USA)	Dick Tracy	1991	Platform / Shooter Scrolling/Platform	Realtime Associates	1
Dig Dug (USA)	Dig Dug	1992	Action / Labyrinth/Action	Namco	1
Dino Breeder (Japan) (SGB Enhanced)	Dino Breeder	1997	Simulation	Digital Kids	1
Dino Breeder 2 (Japan) (SGB Enhanced)	Dino Breeder 2		Simulation		
Dirty Racing (Japan)	Dirty Racing	1993	Racing, Driving	Gremlin Graphics Software	1
Dodge Boy (Japan)	Dodge Boy	1991	Sports / Dodgeball/Sports	TOSE	1-2
Donkey Kong (Japan, USA) (En) (SGB Enhanced)	Donkey Kong	1994	Platform / Run & Jump/Platform	Nintendo	1
Donkey Kong Land (USA, Europe) (SGB Enhanced)	Donkey Kong Land	1995	Platform	Rareware	1
Donkey Kong Land 2 (USA, Europe) (SGB Enhanced)	Donkey Kong Land 2	1996	Platform	Rareware	1
Donkey Kong Land III (USA, Europe) (SGB Enhanced)	Donkey Kong Land III	1997	Platform	Rareware	1
Doraemon - Taiketsu HimitsuDougu!! (Japan)	Doraemon : Taiketsu HimitsuDougu!!	1991		SAS Sakata	1
Doraemon 2 - Animal Planet Densetsu (Japan)	Doraemon 2 : Animal Planet Densetsu	1992		Agenda	1
Doraemon Kart (Japan) (SGB Enhanced)	Doraemon Kart	1998	Racing, Driving	Epoch	1
Doraemon no Game Boy de Asobouyo Deluxe 10 (Japan) (SGB Enhanced)	Doraemon no Game Boy de Asobouyo Deluxe 10	1998		Wizard	1
Doraemon no Study Boy 1 - Shou 1 Kokugo Kanji (Japan)	Doraemon no Study Boy 1 : Shou 1 Kokugo Kanji	1996	Educational	Fujicom	1
Doraemon no Study Boy 2 - Shou 1 Sansuu Keisan (Japan)	Doraemon no Study Boy 2 : Shou 1 Sansuu Keisan	1996	Educational	Fujicom	1
Doraemon no Study Boy 3 - Ku Ku Master (Japan)	Doraemon no Study Boy 3 : Ku Ku Master	1996	Educational	Fujicom	1
Doraemon no Study Boy 4 - Shou ni Kokugo Kanji (Japan)	Doraemon no Study Boy 4 : Shou ni Kokugo Kanji	1997	Educational	Fujicom	1
Doraemon no Study Boy 5 - Shou 2 Sansuu Keisan (Japan)	Doraemon no Study Boy 5 : Shou 2 Sansuu Keisan	1997	Educational	Fujicom	1
Doraemon no Study Boy 6 - Gakushuu Kanji Master 1006 (Japan)	Doraemon no Study Boy 6 : Gakushuu Kanji Master 1006	1998	Educational	Fujicom	1
Double Dragon (USA, Europe)	Double Dragon	1990	Beat'em Up	Technos Japan	1-2
Double Dragon 3 - The Arcade Game (USA, Europe)	Double Dragon 3 : The Arcade Game	1992	Beat'em Up	Tecmo	1-2
Double Dragon II (USA, Europe)	Double Dragon II	1991	Beat'em Up	Technos Japan	1-2
Double Dribble - 5 on 5 (USA)	Konami Basketball	1992	Sports / Basketball/Sports	Konami	1
Double Yakuman (Japan)	Double Yakuman	1993	Board game/Mahjong/Asiatic board game	Imagesoft	1-2
Double Yakuman II (Japan)	Double Yakuman II	1993	Mahjong/Asiatic board game	Imagesoft	1-2
Double Yakuman Jr. (Japan)	Double Yakuman Junior	1993	Mahjong/Asiatic board game	Sony Imagesoft	1-2
Downtown - Nekketsu Koushinkyoku - Dokodemo Daiundoukai (Japan)	Downtown - Nekketsu Koushinkyoku - Dokodemo Daiund	1992		Technos Japan	1-4
Downtown Special - Kunio-kun no Jidaigeki Da yo Zenin Shuugou! (Japan)	Downtown Special : Kunio-Kun no Jidaigeki Dayo Zenin Shuugou!	1993	Beat'em Up	Technos Japan	1-2
Dr. Franken (USA)	Dr. Franken	1992	Platform	Motivetime	1
Dr. Franken 3 (USA, Europe) (Proto) (1993-06-10)	Dr. Franken 3	1993	Platform	Enigma Variations	1
Dr. Franken II (USA, Europe) (En,Fr,De,Es,It,Nl,Sv)	Dr. Franken II	1997	Platform	Motivetime	1
Dr. Mario (World)	Dr. Mario	1990	Puzzle / Fall/Puzzle	Nintendo	1-2
Dragon Ball Z - Gokuu Gekitouden (Japan) (SGB Enhanced)	Dragon Ball Z : Gokuu Gekitouden	1995	Role Playing Game	BEC	1
Dragon Ball Z - Gokuu Hishouden (Japan) (SGB Enhanced)	Dragon Ball Z : Gokuu Hishouden	1994	Role Playing Game	Interbec	1
Dragon Slayer Gaiden - Nemuri no Oukan (Japan)	Dragon Slayer Gaiden : Nemuri no Oukan	1992	Role Playing Game	Agenda	1
Dragon Slayer I (Japan) (En)	Dragon Slayer I	1990	Role Playing Game	Falcom	1
Dragon's Lair - The Legend (World) (Incube8 Games)	Dragon's Lair : The Legend	1991	Platform	Motivetime	1-2
DragonHeart (USA, Europe)	DragonHeart	1996	Adventure/Platform / Fighter Scrolling/Platform	Torus Games	1
Dropzone (Europe)	Dropzone	1992	Shoot'em Up	Arena Graphics	1
Druaga no Tou (Japan) (En)	Druaga no Tou	1990	Role Playing Game	TOSE	1
DuckTales (USA)	DuckTales	1990	Platform	Capcom	1
DuckTales 2 (USA)	DuckTales 2	1991	Platform	Capcom	1
Dungeon Land (Japan)	Dungeon Land	1992	Playing cards	Random House	1
DX Bakenou Z (Japan)	DX Bakenou Z	1992	Horse racing/Simulation/Sports with animals	Graphic Research	1
Earthworm Jim (USA)	Earthworm Jim	1995	Platform	Eurocom Developments	1
Edd the Duck (Europe) (Proto)	Edd the Duck				
Eddie's Puzzle Time (USA) (Proto)	Eddie's Puzzle Time		Puzzle	Hookstone	1
Elevator Action (USA, Europe)	Elevator Action	1991	Platform / Shooter Scrolling/Platform	Natsume	1
Elite Soccer (USA) (SGB Enhanced)	Soccer	1994	Sports / Football (Soccer)/Sports	Denton Designs	1
Extra Bases (USA)	Extra Bases!	1991	Sports / Baseball/Sports	Namco	1-2
F-1 Race (World)	F-1 Race	1990	Racing, Driving	Nintendo	1-4
F-15 Strike Eagle (USA, Europe)	F-15 Strike Eagle	1993	Shooter / Plane, FPV/Shooter	NMS Software	1
F1 Pole Position (USA, Europe)	F1 Pole Position	1993	Racing, Driving	Human Entertainment	1-4
Faceball 2000 (USA)	Faceball 2000	1991	Shooter / FPV/Shooter	Xanth Software	1-4
Family Jockey (Japan)	Family Jockey	1991	Horse racing/Sports with animals	Namco	1-2
Family Jockey 2 - Meiba no Kettou (Japan)	Family Jockey 2 : Meiba no Kettou	1993	Horse racing/Sports with animals	Use Corporation	1-6
Famista 2 (Japan)	Famista 2	1992	Sports / Baseball/Sports	Namcot	1-2
Famista 3 (Japan)	Famista 3	1993	Sports / Baseball/Sports	Namcot	1-2
Fastest Lap (USA)	Fastest Lap	1992	Racing, Driving	Kindle Imagine Develop	1-4
Felix the Cat (USA, Europe)	Felix the Cat	1993	Platform	Hudson Soft	1-4
Ferrari Grand Prix Challenge (USA, Europe)	Ferrari Grand Prix Challenge	1992	Racing, Driving	NMS Software	1
Fidgetts, The (USA, Europe) (En,Fr,De,Es,It,Nl,Sv)	The Fidgetts	1993	Platform	Game Over	1
FIFA - Road to World Cup 98 (Europe) (SGB Enhanced)	FIFA Road to World Cup 98	1998	Sports / Football (Soccer)/Sports	Tiertex	1
FIFA International Soccer (USA, Europe) (En,Fr,De,Es) (SGB Enhanced)	FIFA International Soccer	1995	Sports / Football (Soccer)/Sports	Probe Software	1
FIFA Soccer 96 (USA, Europe) (En,Fr,De,Es) (SGB Enhanced)	FIFA Soccer 96	1995	Sports / Football (Soccer)/Sports	Extended Play Productions	1
FIFA Soccer 97 (USA, Europe) (SGB Enhanced)	FIFA Soccer 97	1996	Sports / Football (Soccer)/Sports	Tiertex	1
Fighting Simulator 2 in 1 - Flying Warriors (USA, Europe)	Fighting Simulator 2 in 1	1992	Platform / Fighter Scrolling/Fighting / 2D/Fighting/Platform	Culture Brain	1-2
Final Fantasy Adventure (USA)	Mystic Quest	1991	Action RPG/Role Playing Game	Square	1
Final Fantasy Legend II (USA)	Final Fantasy Legend II	1991	Role Playing Game		1
Final Fantasy Legend III (USA)	Final Fantasy Legend III	1993	Role Playing Game		1
Final Fantasy Legend, The (USA)	The Final Fantasy Legend	1990	Role Playing Game	Square	1
Final Reverse (Japan) (En)	Final Reverse	1991	Shoot'em Up / Vertical/Shoot'em Up	Shouei	1-2
Fire Fighter (Europe)	Fire Fighter	1992	Platform / Shooter Scrolling/Platform	Teeny Weeny Games	1
Fish Dude (USA)	Fish Dude	1991	Casual Game	Towa Chiki	1
Fist of the North Star (USA)	Fist of the North Star	1989	Fighting	Shouei System	1-2
Flappy Special (Japan) (En)	Flappy Special	1990	Puzzle	DB Soft	1
Flash, The (USA, Europe)	The Flash	1992	Platform / Fighter Scrolling/Platform	Equilibrium	1
Fleet Commander VS. (Japan)	Fleet Commander VS.	1991	Strategy	ASCII	1-2
Flintstones, The (USA, Europe)	The Flintstones	1994	Platform	Ocean	1
Flintstones, The - King Rock Treasure Island (USA, Europe)	The Flintstones : King Rock Treasure Island	1993	Platform	Taito	1
Flipull (USA)	Flipull	1990	Puzzle	SibGame	1-2
Football International (Europe)	Football International	1991	Sports / Football (Soccer)/Sports	TOSE	1
Foreman for Real (USA, Europe)	Foreman for Real	1995	Sports / Boxing/Sports	Software Creations	1-2
Fortified Zone (USA, Europe)	Fortified Zone	1991	Shooter / Run and Gun/Shooter	Jaleco	1-2
Frank Thomas Big Hurt Baseball (USA, Europe)	Frank Thomas Big Hurt Baseball	1995	Sports / Baseball/Sports	Realtime Associates	1
Franky, Joe & Dirk - On the Tiles (Europe) (En,Fr,De,Es,It,Nl)	Franky, Joe & Dirk... On the Tiles	1993	Puzzle	Audio Visual Magic	1
Frisky Tom (Japan) (SGB Enhanced)	Frisky Tom				
Frogger (USA)	Frogger	1998	Platform	Morning Star Multimedia	1-2
From TV Animation Slam Dunk - Gakeppuchi no Kesshou League (Japan) (SGB Enhanced)	From TV Animation Slam Dunk : Gakeppuchi no Kesshou League	1994	Sports / Basketball/Sports	Bandai	1-2
From TV Animation Slam Dunk 2 - Zenkoku e no Tip Off (Japan) (SGB Enhanced)	From TV Animation Slam Dunk 2 - Zenkoku e no Tip O	1995	Sports / Basketball/Sports	Bandai	1-2
Fushigi no Dungeon - Fuurai no Shiren GB - Tsukikage Mura no Kaibutsu (Japan) (SGB Enhanced)	Fushigi no Dungeon - Fuurai no Shiren GB - Tsukika	1996	Role Playing Game	Chunsoft	1
G Arms - Operation Gundam (Japan)	G-Arms: Operation Gundam	1991			1-2
Game & Watch Gallery (USA) (SGB Enhanced)	Game & Watch Gallery	1997	Compilation	Nintendo	1
Game Boy Camera Gold (USA) (SGB Enhanced)	Pocket Camera				1
Game Boy Gallery - 5 Games in 1 (Europe) (SGB Enhanced)	Game Boy Gallery - 5 Games In One	1995	Compilation	Nintendo	1
Game Boy Gallery 2 (Japan) (SGB Enhanced)	Game & Watch Gallery 2	2000	Compilation	Nintendo	1
Game Boy Wars (Japan)	Game Boy Wars	1991	Strategy	Nintendo	1-2
Game Boy Wars Turbo (Japan) (SGB Enhanced)	Game Boy Wars Turbo	1997	Strategy	Hudson Soft	1-2
Game de Hakken!! Tamagotchi - Osutchi to Mesutchi (Japan) (SGB Enhanced)	Game de Hakken!! Tamagotchi - Osutchi to Mesutchi	1998	Strategy	Tom Create	1
Game de Hakken!! Tamagotchi 2 (Japan) (SGB Enhanced)	Game De Hakken!! Tamagotchi 2				
Game of Harmony, The (USA)	The Game of Harmony	1995	Strategy	The Assembly Line	1-2
Gamera - Daikaijuu Kuuchuu Kessen (Japan) (SGB Enhanced)	Gamera : Daikaijuu Kuuchuu Kessen	1995	Shooter / Vertical/Fighting/Strategy/Shooter	Kindle Imagine Develop	1
Ganbare Goemon - Sarawareta Ebisumaru (Japan)	Ganbare Goemon : Sarawareta Ebisumaru	1991	Action / Adventure/Action	Konami	1
Ganso!! Yancha Maru (Japan)	Ganso!! Yancha Maru	1991	Platform	Irem	1
Gargoyle's Quest (USA, Europe)	Gargoyle's Quest	1991	Platform / Fighter Scrolling/Platform	Capcom	1
Gauntlet II (USA, Europe)	Gauntlet II	1991	Action / Labyrinth/Action	Atari	1-2
GB Genjin Land - Viva! Chikkun Oukoku (Japan)	GB Genjin Land : Viva! Chikkun Oukoku	1994	Platform	A.I	1
GB Pachi-Slot Hisshouhou! Jr. (Japan)	GB Pachi-Slot Hisshouhou! Jr	1994	Casino	Sammy Corporation	1
GBKiss Mini Games (Japan)	GBKiss Mini Games	1998	Compilation	Hudson Soft	1
Gear Works (USA, Europe)	Gear Works	1993	Puzzle	Teque	1
Gegege no Kitarou - Youkai Souzoushu Arawaru! (Japan) (SGB Enhanced)	Gegege no Kitarou - Youkai Souzoushu Arawaru!	1996	Role Playing Game	Act Japan	1
Gekitou Power Modeller (Japan) (SGB Enhanced)	Gekitou Power Modeller	1998	Fighting	Japan System Supply	1
Gem Gem (Japan)	Gem Gem	1991	Puzzle	Graphic Research	1
Genjin Collection (Japan) (SGB Enhanced)	Genjin Collection	1996	Compilation/Platform	Hudson Soft	1
Genjin Cottsu (Japan) (SGB Enhanced)	Genjin Cottsu	1995		Kindle Imagine Develop	1-2
Genki Bakuhatsu Gambaruger (Japan)	Genki Bakuhatsu Gambaruger	1992	Fighting	Sun L	1
George Foreman's KO Boxing (USA, Europe)	George Foreman's KO Boxing	1992	Sports / Boxing/Sports	Sims	1
Gerry Anderson's Thunderbirds (Japan)	Thunderbirds	1993	Sports	Saffire	1
Getaway, The - High Speed II (USA)	The Getaway	1995	Pinball	Unexpected Development	1
Ghostbusters II (USA, Europe)	Ghostbusters II	1990	Racing, Driving/Shooter / Run and Gun/Shooter	HAL Laboratory	1
GI King! - Sanbiki no Yosouya (Japan)	GI King! : Sanbiki no Yosouya	1993	Sports	Graphic Research	1
Ginga - Card & Puzzle Collection (Japan) (En,Ja)	Ginga : Card & Puzzle Collection	1990	Puzzle	SystemSoft	1
Go Go Ackman (Japan) (SGB Enhanced)	Go Go Ackman	1995	Platform	Banpresto	1
Go! Go! Hitchhike (Japan) (SGB Enhanced)	Go! Go! Hitchhike	1998	Board game	Ocarina System	1
Go! Go! Tank (USA)	Go! Go! Tank	1991	Puzzle/Strategy	Copya System	1-2
Goal! (USA)	Goal!	1993	Sports / Football (Soccer)/Sports	TOSE	1-2
God Medicine - Fantasy Sekai no Tanjou (Japan)	God Medicine : Fantasy Sekai no Tanjou	1993	Role Playing Game	Konami	1
God Medicine - Fukkokuban (Japan) (SGB Enhanced)	God Medicine : Fukkokuban	1993	Role Playing Game	Konami	1
Godzilla (USA, Europe)	Godzilla	1993	Puzzle	Hudson Soft	1-2
Golf (World)	Golf	1990	Sports / Golf/Sports	Intelligent Systems	1-2
Gradius - The Interstellar Assault (USA)	Gradius : The Interstellar Assault	1991	Shoot'em Up / Horizontal/Shoot'em Up	Konami	1
Grander Musashi RV (Japan) (SGB Enhanced)	Grander Musashi RV	1998	Fishing/Hunting and Fishing	TOSE	1
Great Greed (USA)	Great Greed	1993	Role Playing Game	Namco	1
Gremlins 2 - The New Batch (World)	Gremlins 2 : The New Batch	1991	Platform	Sunsoft	1
HAL Wrestling (USA)	HAL Wrestling	1990	Sports / Wrestling/Fighting/Sports	Human Entertainment	1-2
Hammerin' Harry (Europe)	Hammerin' Harry	1992	Platform	Tamtex	1
Harvest Moon GB (USA) (SGB Enhanced)	Harvest Moon GB	1997	Simulation/Role Playing Game	Victor Interactive Software	1-2
Hatris (Japan, USA) (En)	Hatris	1991	Puzzle	Bullet Proof Software	1-2
Hayaoshi Quiz - Ouza Ketteisen (Japan) (SGB Enhanced)	Hayaoshi Quiz : Ouza Ketteisen	1998	Quiz	Jaleco	1-3
Heavyweight Championship Boxing (USA)	Heavyweight Championship Boxing	1990	Sports / Boxing/Sports	TOSE	1-2
Heiankyo Alien (USA)	Heiankyo Alien	1990	Strategy	Live Planning	1-2
Heisei Tensai Bakabon (Japan)	Heisei Tensai Bakabon	1992		Namco	1
Heracles no Eikou - Ugokidashita Kamigami (Japan)	Heracles no Eikou : Ugokidashita Kamigami	1992	Role Playing Game	SAS Sakata	1
Hercules (USA, Europe) (SGB Enhanced)	Hercules	1997	Platform	Tiertex	1
Hero Shuugou!! Pinball Party (Japan)	Hero Shuugou!! Pinball Party	1990	Pinball	Jaleco	1-2
Hiden Inyou Kikouhou - Ca Da (Japan)	Hiden Inyou Kikouhou : Ca Da	1991	Puzzle	Outback	1
Higashio Osamu Kanshuu Pro Yakyuu Stadium '91 (Japan)	Higashio Osamu Kanshuu Pro Yakyuu Stadium '91	1991	Sports / Baseball/Sports		1
Higashio Osamu Kanshuu Pro Yakyuu Stadium '92 (Japan)	Higashio Osamu Kanshuu Pro Yakyuu Stadium '92	1992	Sports / Baseball/Sports	Tokuma Shoten Intermedia	1
High Stakes Gambling (USA)	High Stakes Gambling	1992	Casino / Cards/Casino	HAL Laboratory	1-2
Hit the Ice - VHL - The Official Video Hockey League (USA, Europe)	Hit the Ice : The Video Hockey League	1992	Sports / Hockey/Sports	Taito	1-2
Hitori de Dekirumon! - Cooking Densetsu (Japan)	Hitori de Dekirumon! : Cooking Densetsu	1992	Role Playing Game	Jorudan	1
Home Alone (USA, Europe)	Home Alone	1991	Platform	Imagineering	1
Home Alone 2 - Lost in New York (USA, Europe)	Home Alone 2 : Lost in New York	1992	Platform	Imagineer	1
Hon Shougi (Japan) (SGB Enhanced)	Hon Shougi	1994	Shougi/Asiatic board game		
Hong Kong (Japan)	Hong Kong	1990	Asiatic board game	Onion Software	1
Honmei Boy (Japan)	Honmei Boy	1994	Horse racing/Sports with animals	Nichibutsu	1
Honoo no Toukyuuji - Dodge Danpei (Japan)	Honoo no Toukyuuji : Dodge Danpei	1992	Sports / Dodgeball/Sports	Hudson Soft	1
Hook (USA)	Hook	1992	Platform	Ukiyotei	1
Hudson Hawk (USA)	Hudson Hawk	1992	Platform	Ocean	1
Hugo (Europe) (SGB Enhanced)	Hugo	1995	Platform	ITE Media	1
Hugo 2 (Germany)	Hugo 2	1997	Platform	Bit Managers	1
Humans, The (USA)	The Humans	1992	Thinking/Strategy	Imagitec Design	1
Hunchback of Notre Dame, The - 5 Foolishly Fun Topsy Turvy Games (USA, Europe) (SGB Enhanced)	The Hunchback of Notre Dame : 5 Foolishly Fun Tops	1997	Compilation	Tiertex	1
Hunt for Red October, The (USA, Europe)	The Hunt for Red October	1991	Shoot'em Up	Beam Software	1
Hyper Black Bass '95 (Japan) (En,Ja)	Hyper Black Bass '95	1995	Fishing/Hunting and Fishing		1
Hyper Lode Runner (World) (Rev 1)	Hyper Lode Runner	1989	Puzzle	TOSE	1
In Your Face (USA)	In Your Face	1990	Sports / Basketball/Sports	Jaleco	1-2
Incredible Crash Dummies, The (USA, Europe)	The Incredible Crash Dummies	1992	Platform	Software Creations	1
Indiana Jones and the Last Crusade (USA, Europe)	Indiana Jones and the Last Crusade	1994	Platform	NMS Software	1
Indien dans la Ville, Un (Europe) (SGB Enhanced)	Un Indien Dans La Ville	1996	Platform/Adventure	Titus	1
Initial D Gaiden (Japan) (SGB Enhanced)	Initial D Gaiden	1998	Racing, Driving	MTO Co	1
International Superstar Soccer (USA, Europe) (SGB Enhanced)	International Superstar Soccer	1998	Sports / Football (Soccer)/Sports	Major A	1
Ippatsu Gyakuten! DX Bakenou (Japan)	Ippatsu Gyakuten! DX Bakenou	1991	Horse racing/Sports with animals	Graphic Research	1
Iron Man X-O Manowar in Heavy Metal (USA, Europe) (SGB Enhanced)	Iron Man - X-O Manowar in Heavy Metal	1996	Beat'em Up	Realtime Associates	1
Ishida Yoshio Tsumego Paradise (Japan)	Ishida Yoshio Tsumego Paradise	1990	Playing cards		1
Ishido - The Way of Stones (USA)	Ishido : The Way of Stones	1990	Board game	Publishing International	1-2
Itsudemo! Nyan to Wonderful (Japan) (SGB Enhanced)	Itsudemo! Nyan to Wonderful	1998	Strategy	Yoshidayama Workshop	1
J.League Big Wave Soccer (Japan) (SGB Enhanced)	J.League Big Wave Soccer	1997	Sports / Football (Soccer)/Sports	Jupiter Multimedia	1
J.League Fighting Soccer - The King of Ace Strikers (Japan)	J.League Fighting Soccer : The King of Ace Strikers	1992	Sports / Football (Soccer)/Sports	Graphic Research	1-2
J.League Live 95 (Japan) (SGB Enhanced)	J.League Live '95	1995	Sports / Football (Soccer)/Sports	Graphic Research	1-2
J.League Winning Goal (Japan)	J.League Winning Goal	1994	Sports / Football (Soccer)/Sports	Graphic Research	1
Jack Nicklaus Golf (USA, Europe)	Jack Nicklaus Golf	1992	Sports / Golf/Sports	Sculptured Software	1-4
James Bond 007 (USA, Europe) (SGB Enhanced)	James Bond 007	1998	Adventure	Saffire	1
Jankenman (Japan)	Jankenman	1991	Platform		1
Janshirou (Japan)	Janshirou	1992	Playing cards	Sammy Corporation	1
Janshirou II - Sekai Saikyou no Janshi (Japan)	Janshirou II - Sekai Saikyou no Janshi	1994	Playing cards	Sammy Corporation	1
Jantaku Boy (Japan)	Jantaku Boy	1992	Playing cards	Namco	1
Jeep Jamboree - Off-Road Adventure (USA)	Jeep Jamboree	1992	Racing, Driving	Gremlin Graphics Software	1-2
Jelly Boy (Europe)	Jelly Boy	1994	Puzzle	Probe Software	1
Jeopardy! (USA)	Jeopardy!	1991	Quiz	Data Design	1-2
Jeopardy! - Platinum Edition (USA) (SGB Enhanced)	Jeopardy! : Platinum Edition	1996	Quiz	Data Design	1-2
Jeopardy! - Sports Edition (USA)	Jeopardy! : Sports Edition	1994	Quiz	Data Design	1-2
Jeopardy! - Teen Tournament (USA) (SGB Enhanced)	Jeopardy! : Teen Tournament	1996	Quiz	Data Design	1-2
Jet Pak Jak (Europe) (Proto)	Jet Pak Jak				
Jetsons, The - Robot Panic (USA, Europe)	The Jetsons : Robot Panic	1992	Platform	Act Japan	1
Jikuu Senki Mu (Japan)	Jikuu Senki Mu	1991	Role Playing Game	Hudson Soft	1
Jimmy Connors Tennis (USA, Europe)	Yannick Noah Tennis	1998	Sports / Tennis/Sports	Ubisoft	1-2
Jinsei Game (Japan) (SGB Enhanced)	Jinsei Game				
Jinsei Game Densetsu (Japan)	Jinsei Game Densetsu	1991	Board game/Playing cards	Advance Communication Company	1-4
Joe & Mac (USA)	Joe & Mac : Caveman Ninja	1993	Platform	Data East	1
John Madden Football (USA) (Proto 2) (SGB Enhanced)	John Madden Football				
Jordan vs Bird - One on One (USA, Europe)	Jordan vs Bird : One on One	1992	Sports / Basketball/Sports	Imagineer	1-2
Judge Dredd (USA, Europe)	Judge Dredd	1995	Platform / Shooter Scrolling/Platform	Probe Entertainment	1
Jungle Book, The (World) (Disney Classic Games)	The Jungle Book	1994	Platform	Eurocom	1
Jungle no Ouja Tar-chan (Japan) (SGB Enhanced)	Jungle no Ouja Tar-chan	1994		Sun L	1
Jungle Strike (USA)	Jungle Strike	1995	Shoot'em Up / Diagonal/Shoot'em Up	Ocean	1
Jungle Wars (Japan)	Jungle Wars	1991	Role Playing Game	Atelier Double	1
Jurassic Park (World) (Limited Run Games)	Jurassic Park	1993	Adventure	Ocean	1
Jurassic Park Part 2 - The Chaos Continues (World) (En,Fr,De,It) (Limited Run Games)	Jurassic Park Part 2 : The Chaos Continues	1994	Platform / Shooter Scrolling/Platform	Ocean	1
Kachiuma Yosou Keiba Kizoku (Japan)	Kachiuma Yosou Keiba Kizoku	1993	Horse racing/Sports with animals		1
Kachiuma Yosou Keiba Kizoku EX '94 (Japan)	Kachiuma Yosou Keiba Kizoku EX '94	1994	Horse racing/Sports with animals		1
Kachiuma Yosou Keiba Kizoku EX '95 (Japan)	Kachiuma Yosou Keiba Kizoku EX '95	1995	Horse racing/Sports with animals		1
Kaeru no Tame ni Kane wa Naru (Japan)	Kaeru no Tame ni Kane wa Naru	1992	Role Playing Game	Intelligent Systems	1
Kaijuu Ou Gojira (Japan)	Kaijuu Ou Gojira	1993	Beat'em Up	Bandai	1
Kaisen Game - Navyblue 90 (Japan)	Navy Blue 90	1990	Strategy	Use Corporation	
Kamen Rider SD - Hashire! Mighty Riders (Japan)	Kamen Rider SD : Hashire! Mighty Riders	1993	Racing, Driving		
Kandume Monsters (Japan) (SGB Enhanced)	Kandume Monsters	1998	Simulation		1
Karakuri Kengou Den Musashi Lord (Japan)	Karakuri Kengou Den Musashi Lord	1991		TOSE	
Karamuchou no Daijiken (Japan) (SGB Enhanced)	Karamuchou no Daijiken	1997	Puzzle	Freeqsoft	1
Kaseki Sousei Reborn (Japan) (SGB Enhanced)	Kaseki Sousei Reborn	1998	Role Playing Game	Freeqsoft	
Kattobi Road (Japan)	Kattobi Road	1993	Racing, Driving / Racing/Racing, Driving	Now Production	1
Keitai Keiba Eight Special (Japan)	Keitai Keiba Eight Special	1994	Horse racing/Sports with animals		1
Ken Griffey Jr. Presents Major League Baseball (USA, Europe) (SGB Enhanced)	Ken Griffey Jr. Presents Major League Baseball	1997	Sports / Baseball/Sports	Software Creations	1-2
Kenyuu Densetsu Yaiba (Japan)	Kenyuu Densetsu Yaiba	1994	Role Playing Game		1-2
Kick Attack (Japan) (Proto)	Kick Attack				
Kid Dracula (USA, Europe)	Kid Dracula	1993	Platform	Konami	1
Kid Icarus - Of Myths and Monsters (USA, Europe)	Kid Icarus : Of Myths and Monsters	1991	Platform	Nintendo	1
Kidou Keisatsu Patlabor - Nerawareta Machi 1990 (Japan)	Kidou Keisatsu Patlabor : Nerawareta Machi 1990	1990	Adventure		1
Kikou Keisatsu Metal Jack (Japan)	Metal Jack	1992	Strategy	Kid	1
Killer Instinct (USA, Europe) (SGB Enhanced)	Killer Instinct	1995	Fighting	Rareware	1-2
King of Fighters '95, The (USA) (SGB Enhanced)	King of Fighters '95, The	1997	Fighting / Versus/Fighting	SNK	1-2
King of Fighters, The - Heat of Battle (Europe) (SGB Enhanced)	The King of Fighters : Heat of Battle	1998	Fighting / 2D/Fighting	Takara	1-2
Kingdom Crusade (USA)	Kingdom Crusade	1992	Strategy	Sculptured Software	1-2
Kingyo Chuuihou! - Wapiko no Wakuwaku Stamp Rally! (Japan)	Kingyo Chuuihou! : Wapiko no Wakuwaku Stamp Rally!	1991	Racing, Driving	Tom Create	
Kingyo Chuuihou! 2 - Gyopi-chan o Sagase! (Japan)	Kingyo Chuuihou! 2	1992		Kindle Imagine Develop	1
Kinin Koumaroku Oni (Japan)	Kinin Koumaroku Oni	1990	Role Playing Game	Winky Soft	1
Kinnikuman - The Dream Match (Japan)	Kinnikuman D M	1992	Sports / Fighting/Sports		2
Kirby's Block Ball (USA, Europe) (SGB Enhanced)	Kirby's Block Ball	1995	Action / Breakout games/Action	TOSE	1
Kirby's Dream Land (USA, Europe)	Kirby's Dream Land	1992	Platform	HAL Laboratory	1
Kirby's Dream Land 2 (USA, Europe) (SGB Enhanced)	Kirby's Dream Land 2	1995	Platform	HAL Laboratory	1
Kirby's Pinball Land (USA, Europe)	Kirby's Pinball Land	1993	Pinball	HAL Laboratory	1
Kirby's Star Stacker (USA, Europe) (SGB Enhanced)	Kirby's Star Stacker	1997	Puzzle / Fall/Puzzle	HAL Laboratory	1-2
Kitchen Panic (Japan)	Kitchen Panic	1991	Platform	Panther Software	1
Kiteretsu Daihyakka - Bouken Ooedo Juraki (Japan)	Kiteretsu Daihyakka - Bouken Ooedo Juraki	1994	Platform		
Kizuchi da Quiz da Gen-san da! (Japan)	Kizuchi da Quiz da Gen-san da!	1992	Quiz / Japanese/Quiz	Tamtex	
Klax (USA) (Mindscape)	Klax	1991	Puzzle/Strategy	Atari	1-2
Klustar (Europe) (Proto)	Klustar	1999	Puzzle	Rebellion	1-2
Knight Quest (USA)	Knight Quest	1992	Role Playing Game	Lenar	1
Koi wa Kakehiki (Japan)	Koi Wa Kakehiki	1991	Puzzle	Graphic Research	1
Konami GB Collection Vol.1 (Japan) (SGB Enhanced)	Konami GB Collection Vol.1	1997	Compilation	TOSE	1
Konami GB Collection Vol.2 (Japan) (SGB Enhanced)	Konami GB Collection Vol.2	1997	Compilation	TOSE	2
Konami GB Collection Vol.3 (Japan) (SGB Enhanced)	Konami GB Collection Vol.3	1998	Compilation	TOSE	1
Konami GB Collection Vol.4 (Japan) (SGB Enhanced)	Konami GB Collection Vol.4	1998	Compilation/Sports	TOSE	1
Konchuu Hakase (Japan) (SGB Enhanced)	Konchuu Hakase	1998	Strategy	Ocarina System	1
Koro Dice (Japan) (En)	Korodice	1990	Puzzle	A Wave Inc	1
Koukiatsu Boy (Japan) (SGB Enhanced)	Kokiatsu Boy	1998	Role Playing Game	Konami	
Krusty's Fun House (USA, Europe)	Krusty's Fun House	1993	Puzzle	Audiogenic Software	1
Kuma no Puutarou - Takara Sagashi da Ooiri Game Battle! (Japan) (SGB Enhanced)	Kuma no Puutarou - Takara Sagashi da Ooiri Game Battle!	1996		Electronics Application	2
Kung-Fu Master (USA, Europe)	Kung-Fu Master	1991	Beat'em Up/Beat'em Up	Irem	1
Kuusou Kagaku Sekai Gulliver Boy - Kuusou Kagaku Puzzle Purittopon!! (Japan) (SGB Enhanced)	Kuusou Kagaku Sekai Gulliver Boy - Kuusou Kagaku P	1995	Puzzle	Bandai	1
Kwirk - He's A-maze-ing! (USA, Europe)	Kwirk : He's A-maze-ing!	1990	Puzzle	Atlus	1-2
Lamborghini American Challenge (USA, Europe)	Lamborghini American Challenge	1994	Racing, Driving	Titus	1
Last Action Hero (USA, Europe)	Last Action Hero	1993	Beat'em Up	Bits Studios	1-2
Lawnmower Man, The (Europe)	The Lawnmower Man	1994	Platform	Sales Curve	1
Lazlos' Leap (USA)	Lazlos' Leap	1992	Puzzle	HectorSoft	1
Learn and Play - Blackjack & Solitaire (USA) (1994-08-09) (Proto)	Learn and Play - Blackjack & Solitaire				
Legend - Ashita e no Tsubasa (Japan)	Legend	1998		Toka S.a.r.l.	1
Legend of the River King GB (USA) (SGB Enhanced)	Legend of the River King GB	1998	Role Playing Game/Racing, Driving	TOSE	1
Legend of Zelda, The - Link's Awakening (USA, Europe)	The Legend of Zelda : Link's Awakening	1993	Role Playing Game	Nintendo	1
Legend of Zelda, The - Link's Awakening DX (USA, Europe) (Proto) (1998-11-08)	Legend of Zelda, The - Link's Awakening DX	1998		Nintendo	1
Lemmings (USA)	Lemmings	1994	Puzzle	Ocean	1
Lemmings 2 - The Tribes (Europe)	Lemmings 2 : The Tribes	1994	Puzzle	Psygnosis	1
Lethal Weapon (USA, Europe)	Lethal Weapon	1993	Beat'em Up	Eurocom Developments	1
Lingo (Europe) (En,Fr,De,Nl)	Lingo	1994	Puzzle	SPC Vision B.V.	1
Lion King, The (World) (Disney Classic Games)	The Lion King	1995	Platform	Dark Technologies	1
Little Master - Raikuban no Densetsu (Japan)	Little Master : Raikuban no Densetsu	1991	Strategy	Zener Works	1
Little Master 2 - Raikou no Kishi (Japan)	Little Master 2 : Raikou no Kishi	1992	Strategy	Zener Works	1
Little Mermaid, The (USA)	The Little Mermaid	1993	Platform	Capcom	1
Lock n' Chase (World)	Lock n' Chase	1990	Action / Labyrinth/Action	Data East	1
Looney Tunes (USA, Europe)	Looney Tunes	1992	Platform	Sunsoft	1
Looney Tunes 2 - Tasmanian Devil in Island Chase (USA, Europe)	Taz-Mania	1994	Platform	David A. Palmer Productions	1
Loopz (World)	Loopz	1991	Puzzle	Argonaut Games	1-2
Lost World, The - Jurassic Park (USA, Europe) (SGB Enhanced)	The Lost World : Jurassic Park	1997	Platform	Torus Games	1
Lucky Luke (Europe) (En,Fr,De,Es)	Lucky Luke		Platform / Shooter Scrolling/Platform	Infogrames	1
Lucle (Japan, Europe) (En)	Lucle	1995	Puzzle	Vic Tokai Corporation	1
Lunar Lander (Japan) (En)	Lunar Lander	1990	Simulation / Vehicle/Simulation	Pack In Video	1-2
Mach Go Go Go (Japan) (SGB Enhanced)	Mach Go Go Go				
Madden 95 (USA, Europe) (SGB Enhanced)	Madden '95	1994	Sports / Football (American)/Sports	Halestorm	1-2
Madden 96 (USA, Europe) (SGB Enhanced)	Madden '96	1995	Sports / Football (American)/Sports	Halestorm	1-2
Madden 97 (USA) (SGB Enhanced)	Madden '97	1996	Sports / Football (American)/Sports	Tiertex	1
Maerchen Club (Japan)	Maerchen Club	1992	Strategy	Dual	1
Magic Knight Rayearth (Japan) (SGB Enhanced)	Magic Knight Rayearth	1995	Role Playing Game	Tomy	1
Magic Knight Rayearth 2nd. - The Missing Colors (Japan) (SGB Enhanced)	Magic Knight Rayearth 2nd. - The Missing Colors		Role Playing Game		
Magical Taruruuto-kun (Japan)	Magical Taruruuto-kun	1991	Platform	TOSE	1
Magical Taruruuto-kun 2 - Raibaa Zone Panic!! (Japan)	Magical Taruruuto-kun 2 : Raibaa Zone Panic!!	1992	Puzzle	Tom Create	1
Magnetic Soccer (Europe)	Magnetic Soccer	1992	Sports / Football (Soccer)/Sports	Nintendo	1-2
Mahoujin GuruGuru - Yuusha to Kukuri no Daibouken (Japan) (SGB Enhanced)	Mahoujin Guruguru	1995	Role Playing Game	Kindle Imagine Develop	1
Makaimura Gaiden - The Demon Darkness (Japan)	Makaimura Gaiden : The Demon Darkness	1993	Platform / Fighter Scrolling/Platform	Sun L	1
Malibu Beach Volleyball (USA)	Malibu Beach Volleyball	1990	Sports / Volleyball/Sports	TOSE	1-2
Mani 4 in 1 - Tetris + Alleyway + Yakuman + Tennis (China) (Ja)	Mani 4 In I : Tetris + Alleyway + Yakuman + Tennis		Compilation/Compilation		1
Marble Madness (USA, Europe)	Marble Madness	1991	Action / Labyrinth/Action	Tengen	1
Mario's Picross (USA, Europe) (SGB Enhanced)	Mario's Picross	1995	Puzzle	Nintendo	1
Marmalade Boy (Japan) (SGB Enhanced)	Marmalade Boy				
Maru's Mission (USA)	Maru's Mission	1991	Platform	Jaleco	1
Masakari Densetsu - Kintarou Action Hen (Japan)	Masakari Densetsu : Kintarou Action Hen	1992	Action / Adventure/Action	TOSE	1
Masakari Densetsu - Kintarou RPG Hen (Japan) (SGB Enhanced)	Masakari Densetsu : Kintarou RPG Hen	1994	Role Playing Game	Tomcat System	1
Master Karateka (Japan) (En)	Master Karateka	1989	Fighting	TOSE	1
Maui Mallard in Cold Shadow (USA)	Maui Mallard in Cold Shadow	1998	Platform	Bonsai Entertainment	1
Maus, Die (Europe) (En,Fr,De,Es)	Die Maus	1997	Puzzle	Bit Managers	1
Max (Europe)	Max	1992	Platform	A Wave Inc	1
Medarot - Kabuto Version (Japan) (SGB Enhanced)	Medarot : Kabuto Version	1997	Role Playing Game	Natsume	1
Medarot - Kuwagata Version (Japan) (SGB Enhanced)	Medarot : Kuwagata Version	1997	Role Playing Game	Natsume	1
Medarot - Parts Collection (Japan) (SGB Enhanced)	Medarot : Parts Collection	1998	Role Playing Game	Natsume	1
Medarot - Parts Collection 2 (Japan) (SGB Enhanced)	Medarot : Parts Collection 2	1998	Role Playing Game	Natsume	1
Mega Man - Dr. Wily's Revenge (USA)	Mega Man : Dr. Wily's Revenge	1991	Platform / Shooter Scrolling/Platform	Capcom	1
Mega Man II (USA)	Mega Man II	1992	Platform / Shooter Scrolling/Platform	Capcom	1
Mega Man III (USA)	Mega Man III	1992	Platform / Shooter Scrolling/Platform	Capcom	1
Mega Man IV (USA)	Mega Man IV	1993	Platform / Shooter Scrolling/Platform	Capcom	1
Mega Man V (USA) (SGB Enhanced)	Mega Man V	1994	Platform / Shooter Scrolling/Platform	Capcom	1
Megalit (USA, Europe)	Megalit	1992	Puzzle	ASCII	1
Megami Tensei Gaiden - Last Bible (Japan)	Megami Tensei Gaiden - Last Bible	1994	Role Playing Game	Multimedia Intelligence Transfer	1
Megami Tensei Gaiden - Last Bible II (Japan)	Megami Tensei Gaiden : Last Bible II	1993	Role Playing Game/Shooter	Atlus	1
Meitantei Conan - Chika Yuuenchi Satsujin Jiken (Japan) (SGB Enhanced)	Meitantei Conan : Chika Yuuenchi Satsujin Jiken	1996	Adventure	Act Japan	1
Meitantei Conan - Giwaku no Gouka Ressha (Japan) (SGB Enhanced)	Meitantei Conan : Giwaku no Gouka Ressha	1998	Adventure	Pixel	1
Mercenary Force (USA, Europe)	Mercenary Force	1990	Shoot'em Up / Horizontal/Shoot'em Up	Lenar	1
Metal Masters (World) (Limited Run Games)	Metal Masters	1993	Fighting	Bit Managers	1-2
Metroid II - Return of Samus (World)	Metroid II : Return of Samus	1991	Platform	Nintendo	1
Mick & Mack as the Global Gladiators (USA) (Proto) (1994-01-18)	Mick & Mack as the Global Gladiators	1993		Virgin Games	1
Mickey Mouse - Magic Wands! (USA, Europe) (SGB Enhanced)	Mickey Mouse : Magic Wands	1998	Puzzle	Kemco	1
Mickey's Dangerous Chase (USA)	Mickey's Dangerous Chase	1991	Platform	Now Production	1
Mickey's Ultimate Challenge (USA, Europe)	Mickey's Ultimate Challenge	1994	Puzzle/Racing, Driving/Strategy	Designer Software	1
Micro Machines (USA, Europe)	Micro Machines	1995	Racing, Driving	Codemasters	1-2
Micro Machines 2 - Turbo Tournament (Europe)	Micro Machines 2 : Turbo Tournament	1996	Racing, Driving	Supersonic Software	1-2
Midori no Makibaou (Japan) (SGB Enhanced)	Midori no Makibaou	1996	Horse racing/Sports with animals	TOSE	1
Mighty Morphin Power Rangers (USA, Europe) (SGB Enhanced)	Mighty Morphin Power Rangers	1994	Beat'em Up	Natsume	1-2
Mighty Morphin Power Rangers - The Movie (USA, Europe) (SGB Enhanced)	Mighty Morphin Power Rangers : The Movie	1995	Beat'em Up	Tom Create	1
Mikeneko Holmes no Kishidou (Japan)	Mikeneko Holmes no Kishidou	1991	Adventure	ASK Kodansha	1
Milon's Secret Castle (USA, Europe)	Milon's Secret Castle	1993	Platform	Hudson Soft	1
Miner 2049er Starring Bounty Bob (USA)	Miner 2049er	1992	Platform	Big Five Software	1
Minesweeper - Soukaitei (Japan) (En)	Minesweeper : Soukaitei	1991	Puzzle	Arc System Works	1-2
Mini 4 Boy (Japan) (SGB Enhanced)	Mini 4 Boy				
Mini 4 Boy II (Japan) (SGB Enhanced)	Mini 4 Boy II - Final Evolution	1997	Strategy	Ocarina System	
Mini Yonku GB Let's & Go!! (Japan) (SGB Enhanced)	Mini Yonku GB Let's & Go!!	1997	Strategy	Jupiter Multimedia	1
Mini Yonku GB Let's & Go!! - All-Star Battle Max (Japan) (SGB Enhanced)	Mini Yonku GB Let's & Go!! - All-Star Battle Max	1998	Strategy	Jupiter Multimedia	1
Mini-Putt (Japan) (En)	Mini Putt	1991	Sports / Golf/Sports	Artech Studios	1-4
Miracle Adventure of Esparks - Ushinawareta Seiseki Perivron (Japan)	Miracle Adventure of Esparks - Ushinawareta Seisek	1992	Platform	Sun L	1
Missile Command (USA, Europe)	Missile Command	1999	Shooter / Missile Command Like/Shooter	Meyer Glass Interactive	1-2
Mogu Mogu Gombo - Harukanaru Chou Ryouri Densetsu (Japan) (SGB Enhanced)	Mogu Mogu Gombo	1995	Role Playing Game	BEC	1
Mogura de Pon! (Japan)	Mogura de Pon!	1994			1-2
Mole Mania (USA, Europe) (SGB Enhanced)	Mole Mania	1997	Puzzle	Nintendo EAD	1-2
Momoiro Zousan (Japan) (Proto)	Momoiro Zousan				
Momotarou Collection (Japan) (SGB Enhanced)	Momotarou Collection	1996	Compilation	Hudson Soft	1
Momotarou Collection 2 (Japan) (SGB Enhanced)	Momotarou Collection 2	1996	Compilation		1
Momotarou Dengeki (Japan)	Momotarou Dengeki	1993	Platform	Hudson Soft	1
Momotarou Dengeki 2 (Japan) (SGB Enhanced)	Momotarou Dengeki 2	1994	Platform	Hudson Soft	1
Momotarou Densetsu Gaiden (Japan)	Momotarou Densetsu Gaiden	1991	Role Playing Game	Hudson Soft	1
Momotarou Dentetsu jr. - Zenkoku Ramen Meguri no Maki (Japan) (SGB Enhanced)	Momotarou Dentetsu Jr. - Zenkoku Ramen Meguri no M	1998	Playing cards	Make	1-4
Money Idol Exchanger (Japan) (SGB Enhanced)	Money Idol Exchanger	1997	Puzzle / Throw/Puzzle	C-lab.	1-2
Monopoly (USA)	Monopoly	1991	Board game	Sculptured Software	1-4
Monster Maker (Japan)	Monster Maker	1990	Role Playing Game		1
Monster Maker - Barcode Saga (Japan)	Monster Maker : Barcode Saga	1993	Strategy	Jorudan	1
Monster Maker 2 - Uru no Hiken (Japan)	Monster Maker 2 : Uru no Hiken	1993	Role Playing Game		1
Monster Max (Europe) (En,Fr,De,Es,It,Nl)	Monster Max	1994	Puzzle	Rareware	1
Monster Race (Japan) (SGB Enhanced)	Monster Race	1998	Role Playing Game	Koei	1
Monster Race Okawari (Japan) (SGB Enhanced)	Monster Race Okawari	1998	Role Playing Game	Koei	1
Monster Truck (Japan) (En)	Monster Truck	1990	Racing, Driving	Another	1
Monster Truck Wars (USA, Europe)	Monster Truck Wars	1994	Racing, Driving	Gremlin Graphics Software	1
Montezuma's Return! (Europe) (En,Fr,De,Es,It)	Montezuma's Return!	1998	Platform	Utopia Technologies	1
Mortal Kombat & Mortal Kombat II (USA, Europe)	Mortal Kombat & Mortal Kombat II	1997	Compilation/Fighting	Probe Software	1-2
Mortal Kombat (USA, Europe)	Mortal Kombat	1993	Fighting	Probe Software	1-2
Mortal Kombat 3 (USA, Europe)	Mortal Kombat 3	1995	Fighting / Versus/Fighting	Sculptured Software	1-2
Mortal Kombat II (USA, Europe)	Mortal Kombat II	1994	Fighting / Versus/Fighting	Probe Software	1-2
Motocross Maniacs (USA)	Motocross Maniacs	1990	Racing, Driving	Konami	1-2
Mouse Trap Hotel (USA)	Mouse Trap Hotel	1992	Platform	Imagineer	1
Mr. Chin's Gourmet Paradise (USA)	Mr. Chin's Gourmet Paradise	1990	Platform / Run & Jump/Platform	Romstar	1
Mr. Do! (USA)	Mr. Do!	1992	Puzzle	Ocean	1
Mr. Go no Baken Tekichuu Jutsu (Japan)	Mr. Go no Baken Tekichuu Jutsu	1994	Strategy		1
Mr. Nutz (Europe)	Mr. Nutz		Platform	Ocean	1
Ms. Pac-Man (USA)	Ms. Pac-Man	1993	Action / Labyrinth/Action	Midway	1-2
Muhammad Ali Heavyweight Boxing (USA, Europe)	Muhammad Ali Heavyweight Boxing	1992	Sports / Boxing/Sports	Park Place Productions	1
Mulan (USA) (SGB Enhanced)	Mulan	1998	Role Playing Game	THQ	1
Mysterium (USA)	Mysterium	1991	Action / Labyrinth/Action	Maxis Software	1-2
Mystical Ninja Starring Goemon (USA) (SGB Enhanced)	Mystical Ninja Starring Goemon	1998	Role Playing Game	Konami	1
Nada Asatarou & Kojima Takeo no Jissen Mahjong Kyoushitsu (Japan) (SGB Enhanced)	Nada Asatarou & Kojima Takeo no Jissen Mahjong Kyoushitsu	1998	Mahjong/Asiatic board game		
Nada Asatarou no Powerful Mahjong - Tsugi no Itte 100 Dai (Japan)	Nada Asatarou no Powerful Mahjong : Tsugi no Itte 100 Dai	1994	Mahjong/Asiatic board game	Affect	
Nail 'n Scale (USA, Europe)	Nail 'N Scale	1992	Puzzle	Bit²	1
Nakajima Satoru - F-1 Hero GB - World Championship '91 (Japan)	Nakajima Satoru - F-1 Hero GB - World Championship	1991	Racing, Driving	Natsu System	1-4
Namco Classic (Japan)	Namco Classic	1991	Sports / Golf/Sports	TOSE	1-2
Namco Gallery Vol.1 (Japan) (SGB Enhanced)	Namco Gallery Vol.1	1996	Compilation	TOSE	1
Namco Gallery Vol.2 (Japan) (SGB Enhanced)	Namco Gallery Vol.2	1996	Compilation	TOSE	1
Namco Gallery Vol.3 (Japan) (SGB Enhanced)	Namco Gallery Vol.3	1997	Compilation	TOSE	1
Nangoku Shounen Papuwa-kun - Ganmadan no Yabou (Japan)	Nangoku Shounen Papuwa-kun : Ganmadan no Yabou	1994	Puzzle	Daft	1
Nanonote (Japan)	Nanonote	1992			
Navy SEALs (USA, Europe)	Navy SEALs	1991	Platform / Shooter Scrolling/Platform	Ocean	1
Navyblue 98 (Japan)	Navy Blue 98	1998	Strategy	Use Corporation	
NBA All-Star Challenge (USA, Europe)	Nba All Star Challenge	1992	Sports / Basketball/Sports	Beam Software	1-2
NBA All-Star Challenge 2 (USA, Europe)	Nba All Star Challenge 2	1992	Sports / Basketball/Sports	Beam Software	1-2
NBA Jam (USA, Europe)	Nba Jam	1994	Sports / Basketball/Sports	Midway	1
NBA Jam - Tournament Edition (USA, Europe)	NBA Jam Tournament Edition	1995	Sports / Basketball/Sports	Torus Games	1
NBA Live 96 (USA, Europe) (SGB Enhanced)	NBA Live 96	1995	Sports / Basketball/Sports	Tiertex	1
Nectaris GB (Japan) (SGB Enhanced)	Nectaris GB	1998	Strategy	TamTam	1
Nekketsu Koukou Dodgeball-bu - Kyouteki! Dodge Soldier no Maki (Japan)	Nekketsu Koukou Dodge Ball-bu	1991	Sports / Dodgeball/Sports	Million	1-4
Nekketsu! Beach Volley Da yo Kunio-kun (Japan) (SGB Enhanced)	Nekketsu! Beach Volley Da yo Kunio-kun	1994	Sports / Volleyball/Sports	Technos Japan	1
Nekojara Monogatari (Japan)	Nekojara Monogatari	1990	Role Playing Game	Kemco	
Nemesis (USA)	Nemesis	1990	Shoot'em Up / Vertical/Shoot'em Up	Konami	1
Nettou Garou Densetsu 2 - Aratanaru Tatakai (Japan) (SGB Enhanced)	Nettou Garou Densetsu 2 : Aratanaru Tatakai	1994	Fighting / 2D/Fighting	Sun L	1
Nettou Real Bout Garou Densetsu Special (Japan) (SGB Enhanced)	Nettou Real Bout Garou Densetsu Special	1998	Fighting / 2D/Fighting	Gaibrain	1-2
Nettou Samurai Spirits - Zankurou Musouken (Japan) (SGB Enhanced)	Nettou Samurai Spirits : Zankurou Musouken	1996	Fighting / 2D/Fighting	Betop	
New Chessmaster, The (USA, Europe)	The New Chessmaster	1993	Board game/Strategy	Altron	2
NFL Football (USA)	NFL Football	1990	Sports / Football (American)/Sports	Konami	1-2
NFL Quarterback Club (USA, Europe)	NFL Quarterback Club	1994	Sports / Football (American)/Sports	Beam Software	1-2
NFL Quarterback Club 96 (USA, Europe)	NFL Quarterback Club 96	1995	Sports / Football (American)/Sports	Iguana Entertainment	1
NFL Quarterback Club II (USA, Europe)	NFL Quarterback Club II	1995	Sports / Football (American)/Sports	Beam Software	1
NHL 96 (USA, Europe) (SGB Enhanced)	Nhl '96	1995	Sports / Hockey/Sports	Probe Entertainment	1
NHL Hockey 95 (USA, Europe) (SGB Enhanced)	NHL Hockey '95	1995	Sports / Hockey/Sports	Malibu Games	1
Nichibutsu Mahjong - Yoshimoto Gekijou (Japan)	Nichibutsu Mahjong : Yoshimoto Gekijou	1994	Mahjong/Asiatic board game	Nichibutsu	1
Nick Faldo Championship Golf (USA) (Proto)	Nick Faldo Championship Golf				
Nigel Mansell's World Championship Racing (USA)	Nigel Mansell's World Championship Racing	1993	Racing, Driving	Gremlin Graphics Software	1
Nihon Daihyou Team - Eikou no Eleven (Japan) (SGB Enhanced)	Nihon Daihyou Team : Eikou no Eleven	1998	Sports / Football (Soccer)/Sports	Jupiter Multimedia	
Nihon Daihyou Team France de Ganbare! - J.League Supporter Soccer (Japan) (SGB Enhanced)	Nihon Daihyou Team France de Ganbare! - J.League S	1998	Sports / Football (Soccer)/Sports		
Nikkan Berutomo Club (Japan) (SGB Enhanced)	Nikkan Berutomo Club	1998		I'Max	
Ninja Boy (USA, Europe)	Ninja Boy	1990	Fighting	Culture Brain	1-2
Ninja Boy 2 (USA, Europe)	Ninja Boy 2	1993	Adventure	Culture Brain	1-2
Ninja Gaiden Shadow (USA)	Ninja Gaiden Shadow	1991	Platform	Natsume	1
Ninja Taro (USA)	Ninja Taro	1992	Role Playing Game	NMK	1
Ninku (Japan) (SGB Enhanced)	Ninku	1995			
Ninku Dai-2-dan - Ninku Sensou Hen (Japan) (SGB Enhanced)	Ninku Dai-2-dan : Ninku Sensou Hen	1995		TOSE	
Nintama Rantarou GB (Japan) (SGB Enhanced)	Nintama Rantarou GB	1995	Role Playing Game		
Nintama Rantarou GB - Eawase Challenge Puzzle (Japan) (SGB Enhanced)	Nintama Rantarou Gb - Eawase Challenge Puzzle				
Nintendo World Cup (USA, Europe)	Nintendo World Cup	1991	Sports / Football (Soccer)/Sports	Technos Japan	1-2
Nobunaga's Ambition (USA)	Nobunaga's Ambition	1991	Strategy	Koei	1-2
Nontan to Issho - Kurukuru Puzzle (Japan)	Nontan To Issho - Kurukuru Puzzle	1994	Puzzle	Access Games	1-2
Noobow (Japan)	Noobow	1992	Puzzle/Platform	Irem	1
Oddworld Adventures (USA, Europe)	Oddworld Adventures	1998	Platform	Saffire	1
Olympic Summer Games (USA, Europe) (SGB Enhanced)	Olympic Summer Games	1996	Sports / Multisports/Sports	Tiertex	1
Oni II - Oni Densetsu (Japan)	Oni II - Oni Densetsu	1992	Role Playing Game	Pandora Box	
Oni III - Kuro no Hakaishin (Japan)	Oni III - Kuro no Hakaishin	1993	Role Playing Game	Pandora Box	1
Oni IV - Kijin no Ketsuzoku (Japan)	Oni IV - Kijin no Ketsuzoku	1994	Role Playing Game	Pandora Box	1
Oni V - Oni wo Tsugumono (Japan) (SGB Enhanced)	Oni 5 - Innin Wo Tsugumono	1995	Role Playing Game	Pandora Box	
Onigashima Pachinkoten (Japan)	Onigashima Pachinko Ten	1991	Casino	Marionette	
Operation C (USA)	Operation C	1987	Shooter / Run and Gun/Shooter	Konami	1
Othello (Europe)	Othello	1990	Othello/Board game/Playing cards/Asiatic board game	Kawada	1
Othello World (Japan) (SGB Enhanced)	Othello World	1994	Othello/Board game/Asiatic board game	Dice	
Otogibanashi Taisen (Japan) (SGB Enhanced)	Otogi Banasi Tai	1995	Role Playing Game	Sun L	
Otto's Ottifanten - Baby Bruno's Alptraum (Europe) (En,Fr,De,Es)	Otto's Ottifanten : Baby Bruno's Nightmare	1998	Platform	Bit Managers	1
Out of Gas (USA)	Out of Gas	1992	Racing, Driving	Realtime Associates	1
Oyatsu Quiz Mogu Mogu Q (Japan) (SGB Enhanced)	Oyatsu Quiz Mogu Mogu Q	1997	Quiz / Japanese/Quiz	Starfish	
Pac-Attack (USA) (SGB Enhanced)	Pac-Attack	1994	Puzzle	Namco	1
Pac-In-Time (USA) (SGB Enhanced)	Pac-In-Time	1995	Platform	Atreid Concept	1
Pac-Man (USA)	Pac-Man	1991	Action / Labyrinth/Action	Namco	1-2
Pachi-Slot Hisshou Guide GB (Japan) (SGB Enhanced)	Pachi-Slot Hisshou Guide GB	1995	Casino		
Pachi-Slot Kids (Japan)	Pachi-slot Kids	1993	Casino	Aisystem Tokyo	1
Pachi-Slot Kids 2 (Japan)	Pachi-slot Kids 2	1994	Casino	Aisystem Tokyo	1
Pachi-Slot Kids 3 (Japan)	Pachi-slot Kids 3	1995	Casino	Aisystem Tokyo	1
Pachi-Slot World Cup '94 (Japan)	Pachi-Slot World Cup '94	1994	Casino		
Pachinko CR Daiku no Gen-san GB (Japan) (SGB Enhanced)	Pachinko CR Daiku no Gen-san GB	1998	Casino		1
Pachinko Data Card - Chou Ataru-kun (Japan) (SGB Enhanced)	Pachinko Data Card : Chou Ataru-kun	1999	Casino		
Pachinko Kaguya Hime (Japan)	Pachinko Kaguya Hime	1992	Casino/Playing cards	Marionette	1
Pachinko Monogatari Gaiden (Japan) (SGB Enhanced)	Pachinko Monogatari Gaiden	1995	Casino	Atelier Double	
Pachinko Saiyuuki (Japan)	Pachinko Saiyuuki	1991	Casino	Marionette	
Pachinko Time (Japan)	Pachinko Time	1989	Casino	Marionette	
Pachio-kun (Japan)	Pachio Kun	1993	Casino	Soft Machine	1
Pachio-kun - Puzzle Castle (Japan)	Pachio Kun - Puzzle Castle	1994	Casino/Puzzle	Marionette	1-2
Pachio-kun 2 (Japan)	Pachio Kun 2	1994	Casino	Aisystem Tokyo	1
Pachio-kun 3 (Japan)	Pachio-kun 3	1995	Casino	Aisystem Tokyo	1
Pachio-kun Game Gallery (Japan)	Pachio Kun - Game Gallery	1996	Casino		1
Pagemaster, The (USA) (SGB Enhanced)	The Pagemaster	1994	Platform	Probe Software	1-2
Painter Momopie (Japan)	Painter Momopie	1990		Sigma Enterprises	1
Palamedes (Europe)	Palamedes	1991	Puzzle	Hot-B	1-2
Panel Action Bingo (USA)	Panel Action Bingo	1993	Playing cards	Locus	1
Panel no Ninja Kesamaru (Japan)	Panel no Ninja Kesamaru	1992	Puzzle	SAS Sakata	1
Paperboy (USA, Europe)	Paperboy	1990	Sports / Cycling/Sports	Atari	1
Paperboy 2 (USA, Europe)	Paperboy 2	1992	Sports / Cycling/Sports	Eastridge Technology	1
Parasol Henbee (Japan)	Parasol Henbee	1990	Action / Adventure/Action	SAS Sakata	1
Parasol Stars - Rainbow Islands II (Europe)	Parasol Stars: Rainbow Islands II	1992	Platform	Taito	1
Parodius (Europe)	Parodius	1992	Shoot'em Up / Horizontal/Shoot'em Up	Konami	1
Peetan (Japan)	Peetan	1991	Puzzle	Inter State	1
Peke to Poko no Daruman Busters (Japan)	Peke to Poko no Daruman Busters	1991	Puzzle	Birthday	1-2
Penguin Land (Japan)	Penguin Land	1990	Platform	Atelier Double	1
Penguin Wars (USA)	King Of The Zoo	1990	Sports / Dodgeball/Sports	ASCII	1-2
Penta Dragon (Japan)	Penta Dragon	1992	Shoot'em Up / Vertical/Shoot'em Up	Japan Art Media	1
PGA European Tour (USA, Europe) (SGB Enhanced)	Pga European Tour	1995	Sports / Golf/Sports	Unexpected Development	1
PGA Tour 96 (USA, Europe) (SGB Enhanced)	PGA Tour 96	1995	Sports / Golf/Sports	Unexpected Development	1
Picross 2 (Japan) (SGB Enhanced)	Picross 2	1996	Puzzle/Strategy	Creatures	1
Pierre le Chef is... Out to Lunch (Europe)	Out to Lunch	1993	Platform	Mindscape	1
Pinball - Revenge of the 'Gator (USA, Europe)	Pinball : Revenge of the 'Gator	1989	Pinball	Nintendo	1-2
Pinball Deluxe (Europe)	Pinball Deluxe	1995	Compilation/Pinball	Spidersoft	1
Pinball Dreams (USA, Europe)	Pinball Dreams	1993	Pinball	Digital Illusions	1
Pinball Fantasies (USA, Europe)	Pinball Fantasies	1995	Pinball	Spidersoft Limited	1
Pinball Mania (Europe)	Pinball Mania	1995	Pinball	Spidersoft Limited	1
Pingu - Sekai de 1ban Genki na Penguin (Japan)	Pingu : Sekai de 1ban Genki na Penguin	1993		Tom Create	1
Pinocchio (USA)	Pinocchio	1996	Platform	NMS Software	1
Pipe Dream (USA)	Pipe Dream	1990	Puzzle	Bullet Proof Software	1-2
Pit-Fighter (USA, Europe)	Pit-Fighter	1992	Fighting	Tengen	1
Play Action Football (USA)	Play Action Football	1990	Sports / Football (American)/Sports	TOSE	1
Pocahontas (USA, Europe) (SGB Enhanced)	Pocahontas	1995	Platform	Teeny Weeny Games	1
Pocket Bass Fishing (Japan)	Pocket Bass Fishing	1998	Fishing/Hunting and Fishing		
Pocket Battle (Japan)	Pocket Battle	1992	Strategy	Sigma Enterprises	
Pocket Bomberman (Europe) (SGB Enhanced)	Pocket Bomber Man	1998	Platform	Hudson Soft	1
Pocket Densha (Japan) (SGB Enhanced)	Pocket Densha	1998	Simulation / Vehicle/Simulation	Coconuts Japan	
Pocket Family GB (Japan) (SGB Enhanced)	Pocket Family	1998	Strategy	Outback	
Pocket Golf (Japan)	Pocket Golf	1998	Sports / Golf/Sports	Bottom Up Interactive	1-2
Pocket Kanjirou (Japan) (SGB Enhanced)	Pocket Kanjirou	1998	Educational	Jupiter	1
Pocket Kyoro-chan (Japan) (SGB Enhanced)	Pocket Kyoro-chan	1998	Adventure	Jupiter Multimedia	1
Pocket Love (Japan) (SGB Enhanced)	Pocket Love	1997	Simulation / Life/Simulation	Kindle Imagine Develop	
Pocket Love 2 (Japan) (SGB Enhanced)	Pocket Love 2	1998	Simulation / Life/Simulation	Kindle Imagine Develop	1
Pocket Mahjong (Japan)	Pocket Mahjong	1997	Mahjong/Asiatic board game		
Pocket Monsters - Midori (Japan) (SGB Enhanced)	Pocket Monsters : Midori	1996	Role Playing Game	Game Freak	1
Pocket Puyo Puyo Tsuu (Japan) (SGB Enhanced)	Pocket Puyo Puyo Tsuu	1996	Puzzle / Fall/Puzzle	Compile	
Pocket Shougi (Japan) (SGB Enhanced)	Pocket Shougi	1998	Shougi/Asiatic board game		
Pocket Sonar (Japan)	Pocket Sonar				
Pocket Stadium (Japan)	Pocket Stadium	1990	Sports / Baseball/Sports		
Pokemon - Blue Version (USA, Europe) (SGB Enhanced)	Pokémon Blue Version	1998	Role Playing Game	Game Freak	1-2
Pokemon - Red Version (USA, Europe) (SGB Enhanced)	Pokémon Red Version	1998	Role Playing Game	Game Freak	1-2
Pokemon - Yellow Version - Special Pikachu Edition (USA, Europe) (CGB+SGB Enhanced)	Pokémon Yellow Special Pikachu Edition	1999	Role Playing Game	Game Freak	1-2
Pokonyan! - Yume no Daibouken (Japan) (SGB Enhanced)	Pokonyan! - Yume No Daibouken	1994	Platform		1
Ponta to Hinako no Chindouchuu - Yuujou Hen (Japan)	Ponta To Hinako No Chindouchuu - Yuutou Hen	1990			1
Pop'n TwinBee (Europe)	Pop'n TwinBee	1990	Shoot'em Up	Konami	1-2
Popeye (Japan) (En)	Popeye	1990	Action / Labyrinth/Action	Sigma Enterprises	1-2
Popeye 2 (USA)	Popeye 2	1991	Platform	Copya System	1-2
Populous (Europe)	Populous	1993	Strategy	Enigma Variations	1
Power Mission (USA)	Power Mission	1991	Strategy/Racing, Driving	Graphic Research	1
Power Pro GB (Japan) (SGB Enhanced)	Power Pro GB	1998	Sports / Baseball/Sports	Konami	1-2
Power Racer (USA)	Power Racer	1990	Action / Labyrinth/Action	Graphic Research	1-2
Prehistorik Man (USA, Europe)	Prehistorik Man	1995	Platform	Titus	1
Pri Pri - Primitive Princess! (Japan) (En)	Pri Pri - Primitive Princess!	1990	Puzzle		1
Primal Rage (USA, Europe)	Primal Rage	1995	Fighting	Probe Entertainment	1
Prince of Persia (USA)	Prince of Persia	1992	Platform	Brøderbund Software	1
Pro Mahjong Kiwame GB (Japan) (SGB Enhanced)	Pro Mahjong Kiwame Gb	1994	Mahjong/Asiatic board game		
Prophecy - The Viking Child (USA)	Prophecy : The Viking Child	1992	Platform / Fighter Scrolling/Platform	Imagitec Design	1
Punisher, The - The Ultimate Payback (USA)	The Punisher : The Ultimate Payback	2001	Shooter / FPV/Shooter	Beam Software	1
Purikura Pocket - Fukanzen Joshikousei Manual (Japan) (SGB Enhanced)	Purikura Pocket - Fukanzen Joshikousei Manual	1997	Adventure		1
Purikura Pocket 2 - Kareshi Kaizou Daisakusen (Japan) (SGB Enhanced)	Purikura Pocket 2 : Kareshi Kaizou Daisakusen	1997	Adventure	Atlus	1
Purikura Pocket 3 - Talent Debut Daisakusen (Japan) (SGB Enhanced)	Purikura Pocket 3 - Talent Debut Daisakusen	1998	Simulation / Life/Adventure/Simulation	Avit	1
Puyo Puyo (Japan) (SGB Enhanced)	Puyo Puyo	1994	Puzzle / Fall/Puzzle	Winky Soft	1-2
Puzzle Nintama Rantarou GB (Japan) (SGB Enhanced)	Puzzle Nintama Rantarou	1995	Puzzle / Fall/Puzzle	Culture Brain	1
Puzznic (Japan) (En)	Puzznic	1990	Puzzle	Taito	1-2
Pyramids of Ra (USA)	Pyramids of Ra	1993	Puzzle	Source Research & Development	1
Q Billion (USA)	Q Billion	1990	Puzzle/Strategy	SETA	1-2
Q-bert for Game Boy (USA, Europe)	Q*bert	1992	Puzzle	D. Gottlieb & Co.	1
QIX (World)	QIX	1990	Puzzle	Minakuchi Engineering	1-2
Quarth (USA, Europe)	Quarth	1990	Puzzle	Ultra Games	1-2
Quiz Nihon Mukashibanashi - Athena no Hatena (Japan)	Quiz Nihon Mukashibanashi : Athena no Hatena	1992	Quiz / Japanese/Quiz		
Quiz Sekai wa Show by Shoubai!! (Japan)	Quiz Sekai wa Show by Shoubai!!	1992	Sports/Quiz / Japanese/Quiz	Sun L	
R-Type (USA, Europe)	R-Type	1991	Shoot'em Up / Horizontal/Shoot'em Up	B.I.T.S.	1
R-Type II (Europe)	R-Type II	1992	Shoot'em Up / Horizontal/Shoot'em Up	Irem	1
Race Days (USA)	Race Days	1994	Racing, Driving	Gremlin Graphics Software	1-2
Race Drivin' (USA, Europe)	Race Drivin'	1993	Racing, Driving	Argonaut Software	1
Racing Damashii (Japan)	Racing Damashii	1991	Racing, Driving	Irem	
Radar Mission (USA, Europe)	Radar Mission	1990	Strategy	Nintendo	1
Raging Fighter (USA, Europe)	Raging Fighter	1993	Fighting	Konami	1-2
Rampart (USA, Europe)	Rampart	1992	Strategy	C-Lab	1-2
Ranma 1-2 (Japan)	Ranma 1/2	1990	Puzzle	Nova Games	1-2
Ranma 1-2 - Kakugeki Mondou!! (Japan)	Ranma 1/2 : Kakugeki Mondou!!	1993	Role Playing Game	Sun L	1
Ranma 1-2 - Netsuretsu Kakutou Hen (Japan)	Ranma 1/2 : Netsuretsu Kakutou Hen	1992	Adventure	R. Takahashi	1
Rap Quest (USA) (Proto)	Rap Quest				
Ray-Thunder (Japan)	Ray-Thunder	1991	Shooter	Nichibutsu	1
Real Ghostbusters, The (USA)	The Real Ghostbusters	1993	Platform	Kemco	1
Ren & Stimpy Show, The - Space Cadet Adventures (USA)	The Ren & Stimpy Show : Space Cadet Adventures	1992	Platform	Imagineer	1
Ren & Stimpy Show, The - Veediots! (USA, Europe)	The Ren & Stimpy Show : Veediots!	1993	Platform	THQ Software	1
Renju Club - Gomoku Narabe (Japan) (SGB Enhanced)	Renju Club	1996	Renju/Asiatic board game	Natsu System	1-2
Rentaiou (Japan)	Rentaiou	1994	Horse racing/Sports with animals		
Reservoir Rat (Europe) (En,Fr,De,Es,It)	Rats!	1998	Puzzle	Tarantula	1
Riddick Bowe Boxing (USA)	Riddick Bowe Boxing	1994	Sports / Boxing/Sports	Equilibrium	1-2
Ring Rage (USA)	Ring Rage	1993	Sports / Wrestling/Sports	Taito	1-2
Road Rash (USA, Europe)	Road Rash	1996	Motorcycle race TPV/Racing, Driving	The Code Monkeys	1
Roadster (Japan) (En)	Roadster	1990	Racing, Driving	TOSE	1-2
Robin Hood - Prince of Thieves (USA)	Robin Hood : Prince of Thieves	1993	Adventure	Bits Studios	1
RoboCop (USA)	RoboCop	1990	Platform / Shooter Scrolling/Platform	Ocean	1
RoboCop 2 (USA, Europe)	RoboCop 2	1991	Platform / Shooter Scrolling/Platform	Painting by Numbers	1
RoboCop Versus The Terminator (USA)	RoboCop versus The Terminator	1994	Platform / Shooter Scrolling/Platform	Unexpected Development	1
Robot Ponkots - Sun Version - Comic Bom Bom Special Version (Japan) (SGB Enhanced)	Robot Ponkots - Sun Version - Comic Bom Bom Special Version				
Rock'n! Monster!! (Japan) (SGB Enhanced)	Rock'n! Monster!!	1994	Puzzle	Electronics Application	
Rod Land (World) (Retro-Bit)	Rod Land	1993	Platform	Jaleco	1-2
Roger Clemens' MVP Baseball (USA)	Roger Clemens Mvp Baseball	1992	Sports / Baseball/Sports	Sculptured Software	1-2
Rolan's Curse (USA)	Rolan's Curse	1991	Role Playing Game	NMK	1-2
Rolan's Curse II (USA)	Rolan's Curse 2	1992	Role Playing Game	NMK	1-2
Rugrats Movie, The (USA) (SGB Enhanced)	The Rugrats Movie	1998	Platform	Software Creations	1
Sagaia (World) (Darius Cozmic Revelation)	Darius II	1989	Shoot'em Up / Horizontal/Shoot'em Up	Act Japan	1
Saigo no Nindou (Japan) (En)	Saigo no Nindou	1993	Beat'em Up	Bits Studios	1
Sakigake!! Otoko Juku - Meioutou Kessen (Japan)	Sakigake!! Otoko Juku - Meioutou Kessen	1990			
Same Game (Japan) (SGB Enhanced)	Same Game	1997	Puzzle	Shimada Kikaku	
Samurai Shodown (USA, Europe) (SGB Enhanced)	Samurai Shodown	1994	Fighting / Versus/Fighting	Takara	1-2
Sangokushi - Game Boy Ban (Japan)	Sangokushi : Game Boy Ban	1992	Strategy	Koei	1
Sanrio Carnival (Japan)	Sanrio Carnival	1991	Puzzle	Scitron	1-2
Sanrio Carnival 2 (Japan)	Sanrio Carnival 2	1993	Puzzle		
Sanrio Uranai Party (Japan)	Sanrio Uranai Party	1997	Various		1
Sarakon (Europe) (Proto)	Sarakon				
Scotland Yard (Japan)	Scotland Yard	1998		Ravensburger Interactive Media	
SD Gundam - SD Sengokuden - Kunitori Monogatari (Japan)	SD Gundam SD Sengokuden: Kunitori Monogatari	1990	Action RPG/Strategy/Role Playing Game	Bandai	1-2
SD Gundam Gaiden - Lacroan' Heroes (Japan)	SD Gundam Gaiden : Lacroan' Heroes	1990	Japanese RPG/Role Playing Game	Human Entertainment	1
SD Hiryuu no Ken Gaiden (Japan) (SGB Enhanced)	SD Hiryū no Ken Gaiden	1995	Fighting / 2D/Fighting	Culture Brain	1-2
SD Hiryuu no Ken Gaiden 2 (Japan) (SGB Enhanced)	Sd Hiryuu No Ken Gaiden 2	1996	Fighting / 2D/Fighting		
SD Lupin Sansei - Kinko Yaburi Daisakusen (Japan)	SD Lupin Sansei : Kinko Yaburi Daisakusen	1990	Puzzle	Nova Games	
SD Sengokuden 2 - Tenka Touitsu Hen (Japan)	SD Sengokuden 2 : Tenka Touitsu Hen	1992	Strategy		
SD Sengokuden 3 - Chijou Saikyou Hen (Japan)	SD Sengokuden 3 : Chijou Saikyou Hen	1992	Strategy		1-2
Sea Battle (Europe) (En,Fr,De,Es)	Sea Battle	1998	Strategy	Bit Managers	1-2
seaQuest DSV (USA, Europe) (SGB Enhanced)	SeaQuest DSV	1994	Shooter	Sculptured Software	1
Seisenshi - Saint Paradise - Saikyou no Senshitachi (Japan)	Saint Paradise : Saikyou no Senshi-tachi	1992	Role Playing Game		1
Selection I & II - Erabareshi Mono & Ankoku no Fuuin (Japan) (SGB Enhanced)	Selection I & II	1998	Role Playing Game		1
Sensible Soccer - European Champions (Europe)	Sensible Soccer : European Champions	1993	Sports / Football (Soccer)/Sports	Sensible Software	1
Serpent (USA)	Serpent	1990	Action / Labyrinth/Action	Naxat Soft	1-2
Shanghai (USA)	Shanghai	1989	Mahjong/Asiatic board game	HAL Laboratory	1-2
Shanghai Pocket (Japan) (SGB Enhanced)	Shanghai Pocket	1998	Mahjong/Asiatic board game	Sunsoft	1-2
Shaq Fu (USA) (SGB Enhanced)	Shaq Fu	1995	Fighting	Unexpected Development	1-2
Shikinjou (Japan)	Shikinjou	1991	Asiatic board game/Puzzle	Shouei	1
Shin Keiba Kizoku Pocket Jockey (Japan) (SGB Enhanced)	Shin Keiba Kizoku Pocket Jockey	1998	Horse racing/Sports with animals	Graphic Research	
Shin Nihon Pro Wrestling - Toukon Sanjuushi (Japan)	Shin Nihon Pro Wrestling : Toukon Sanjuushi	1993	Sports / Fighting/Sports		
Shin SD Gundam Gaiden - Knight Gundam Monogatari (Japan) (SGB Enhanced)	Shin SD Gundam Gaiden : Knight Gundam Story	1994	Action RPG/Role Playing Game	Tom Create	1
Shinri Game 2, The - Oosaka Hen (Japan)	The Shinri Game 2 : Oosaka Hen	1994			
Shinri Game, The (Japan)	The Shinri Game	1994	Adventure		
Shinseiki GPX - Cyber Formula (Japan)	Shinseiki GPX Cyber Formula	1992	Racing, Driving	Varie	1
Shippuu! Iron Leaguer (Japan)	Shippuu! Iron Leaguer	1994	Platform	Sun L	1
Shisenshou - Match-Mania (Japan) (En)	Shisenshou - Match-mania	1990	Puzzle	Tamtex	
Shougi (Japan)	Shougi	1989	Shougi/Asiatic board game		
Shougi Saikyou (Japan) (SGB Enhanced)	Shougi Saikyou	1994	Shougi/Asiatic board game		
Shounen Ashibe - Yuuenchi Panic (Japan)	Shonen Ashibe - Yuuenchi Panic	1991	Role Playing Game		
Shuyaku Sentai Irem Fighter (Japan)	Shuyaku Sentai Irem Fighter	1993	Strategy		
Side Pocket (World)	Side Pocket	1990	Sports / Pool/Simulation/Sports	Data East	1-2
Simpsons, The - Bart & the Beanstalk (USA, Europe)	The Simpsons : Bart & the Beanstalk	1994	Platform	Software Creations	1
Simpsons, The - Bart vs. the Juggernauts (USA, Europe)	The Simpsons : Bart vs. the Juggernauts	1992	Casual Game	Imagineer	1
Simpsons, The - Itchy & Scratchy - Miniature Golf Madness (USA, Europe)	The Simpsons Itchy & Scratchy : Miniature Golf Mad	1994	Sports / Golf/Sports	Beam Software	1
Skate or Die - Bad 'N Rad (USA)	Skate or Die : Bad 'N Rad	1990	Sports / Skateboard/Sports	Palcom	1
Skate or Die - Tour de Thrash (USA)	Skate or Die : Tour de Thrash	1991	Sports / Skateboard/Sports	Electronic Arts	1-2
Small Soldiers (USA, Europe) (SGB Enhanced)	Small Soldiers	1998	Platform	Tiertex	1-2
Smurfs Nightmare, The (Europe) (En,Fr,De,Es)	The Smurfs Nightmare	1997	Platform	VD-Dev	1
Smurfs Travel the World, The (Europe) (En,Fr,De,Es)	The Smurfs Travel the World	1995	Platform	Virtual Studio	1
Smurfs, The (Europe) (En,Fr,De,Es)	The Smurfs	1993	Platform	Infogrames	1
Sneaky Snakes (USA, Europe)	Sneaky Snakes	1991	Platform	Rareware	1-2
Snoopy no Hajimete no Otsukai (Japan) (SGB Enhanced)	Snoopy No Hajimete No Otsukai	1996	Puzzle	Kemco	1
Snoopy's Magic Show (USA, Europe)	Snoopy : Magic Show	1990	Puzzle	Kemco	1-2
Snow Bros. Jr. (World) (En) (Limited Run Games)	Snow Brothers	1992	Platform	Toaplan	1
Soccer Mania (USA)	Soccer Mania	1992	Sports / Football (Soccer)/Sports	Kitty Group	1
SolarStriker (World)	SolarStriker	1990	Shoot'em Up / Vertical/Shoot'em Up	Minakuchi Engineering	1
Soldam (Japan)	Soldam	1993	Puzzle	Jaleco	
Solitaire FunPak (USA, Europe)	Solitaire FunPak	1994	Puzzle/Various/Strategy	Beam Software	1
Solomon's Club (USA)	Solomon's Club	1991	Puzzle	Graphic Research	1
Soreyuke!! Kid (Japan)	Soreyuke!! Kid	1997	Puzzle	Kemco	1
Space Invaders (Japan) (En)	Space Invaders	1994	Shooter / Space Invaders Like/Shooter	Taito	1-2
Space Invaders (USA) (SGB Enhanced)	Space Invaders	1994	Shooter / Space Invaders Like/Shooter	Taito	1-2
Spanky's Quest (USA)	Spanky's Quest	1991	Platform / Run & Jump/Platform	Natsume	1
Speedball 2 - Brutal Deluxe (USA, Europe)	Speedball 2 : Brutal Deluxe	1992	Sports	Spidersoft	1
Speedy Gonzales (USA, Europe)	Speedy Gonzales	1993	Platform	Citizen Software	1
Spider-Man - X-Men - Arcade's Revenge (USA, Europe)	Spider-Man : X-Men	1993	Platform	Unexpected Development	1
Spider-Man 2 (USA, Europe)	Spider-Man 2	1992	Platform	B.I.T.S.	1
Spider-Man 3 - Invasion of the Spider-Slayers (USA, Europe)	Spider-Man 3 : Invasion of the Spider-Slayers	1993	Platform	Bits Studios	1
Spirou (Europe) (En,Fr,De,Es) (SGB Enhanced)	Spirou	1996	Platform	Bit Managers	1
Splitz (Europe)	Splitz	1993	Puzzle	Enigma Variations	1
Sports Collection (Japan)	Sports Collection	1992	Sports / Multisports/Compilation/Sports	TOSE	
Sports Illustrated - Championship Football & Baseball (USA)	Sports Illustrated : Football & Baseball	1993	Sports / Baseball/Sports / Football (American)/Sports	Halestorm	1-2
Sports Illustrated - Golf Classic (USA) (SGB Enhanced)	Sports Illustrated : Golf Classic	1994	Sports / Golf/Sports	Unexpected Development	1-2
Sports Illustrated for Kids - The Ultimate Triple Dare! (USA)	Sports Illustrated for Kids : The Ultimate Triple Dare!	1994	Sports / Extreme/Sports / Multisports/Sports	Halestorm	1
Spot - The Cool Adventure (USA)	Spot : The Cool Adventure	1993	Platform	Visual Concepts	1
Spot - The Video Game (USA)	Spot : The Video Game!	1991	Board game	Software Creations	1-2
Spud's Adventure (USA)	Spud's Adventure	1991	Puzzle	Atlus	1
Spy vs Spy - Operation Boobytrap (USA)	Spy vs Spy : Operation Boobytrap	1992	Strategy	First Star Software	1-2
Square Deal - The Game of Two-Dimensional Poker (USA)	Square Deal : The Game of Two-Dimensional Poker	1990	Casino / Cards/Casino	HectorSoft	1-2
Star Sweep (Japan) (SGB Enhanced)	Star Sweep	1997	Puzzle	Fupac	1-2
Star Trek - 25th Anniversary (USA, Europe)	Star Trek : 25th Anniversary	1992	Adventure	Visual Concepts	1
Star Trek - The Next Generation (USA, Europe)	Star Trek : The Next Generation	1993	Simulation	Spectrum Holobyte	1
Star Trek Generations - Beyond the Nexus (USA) (SGB Enhanced)	Star Trek Generations : Beyond the Nexus	1994	Simulation	Imagineer	1
Star Wars (World) (Limited Run Games)	Star Wars	1992	Platform	NMS Software	1
Star Wars - The Empire Strikes Back (World) (Limited Run Games)	Star Wars : The Empire Strikes Back	1992	Platform	Sculptured Software	1
Stargate (USA, Europe)	Stargate	1994	Puzzle	Probe Entertainment	1-2
StarHawk (World) (Limited Run Games)	Star Hawk	1993	Shoot'em Up / Horizontal/Shoot'em Up	NMS Software	1
Stop That Roach! (USA)	Stop That Roach!	1994	Strategy	Koei	1
Street Fighter II (USA, Europe) (SGB Enhanced)	Street Fighter II	1995	Fighting/Fighting / Versus/Fighting	Sun L	1-2
Street Racer (USA, Europe)	Street Racer	1996	Racing, Driving	Vivid Image	1-2
Sumo Fighter (USA)	Sumo Fighter	1993	Platform	Kindle Imagine Develop	1
Sunsoft Grand Prix (Europe)	Sunsoft Grand Prix	1992	Racing, Driving	Lenar	1
Super B-Daman - Fighting Phoenix (Japan) (SGB Enhanced)	Super B-Daman : Fighting Phoenix	1997		Amble	1-2
Super Battletank (USA)	Super Battletank : War in the Gulf	1994	Simulation	Imagineer	1-2
Super Bikkuriman - Densetsu no Sekiban (Japan)	Super Bikkuriman : Densetsu no Sekiban	1992	Platform	Tom Create	1
Super Black Bass (USA)	Super Black Bass	1998	Fishing/Hunting and Fishing/Simulation	Hot-B	1
Super Black Bass Pocket 2 (Japan) (SGB Enhanced)	Super Black Bass Pocket 2	1997	Fishing/Hunting and Fishing		
Super Breakout (USA)	Super Breakout	1998	Action / Breakout games/Action	Atari	1-2
Super Chase H.Q. (USA, Europe)	Super Chase H.Q.	1994	Racing, Driving	ITL	1-2
Super Chinese Fighter GB (Japan) (SGB Enhanced)	Super Chinese Fighter GB	1996	Fighting / 2D/Fighting		1-2
Super Chinese Land 1-2-3' (Japan) (SGB Enhanced)	Super Chinese Land 1.2.3'	1996	Compilation		1-2
Super Chinese Land 3 (Japan) (SGB Enhanced)	Super Chinese Land 3	1995	Role Playing Game		1-2
Super Hunchback (USA)	Super Hunchback	1992	Platform	Ocean	1
Super James Pond (Europe)	Super James Pond	1992	Platform	Millenium Interactive	1
Super Kick Off (Europe) (En,Fr,De,It,Nl)	Pro Soccer	1991	Sports / Football (Soccer)/Sports	Anco	1
Super Mario Land (World)	Super Mario Land	1989	Platform	Nintendo R&D1	1
Super Mario Land 2 - 6 Golden Coins (USA, Europe)	Super Mario Land 2 : 6 Golden Coins	1992	Platform	Nintendo	1
Super Momotarou Dentetsu (Japan)	Super Momotarou Dentetsu	1991	Board game/Playing cards		1-4
Super Momotarou Dentetsu II (Japan)	Super Momotarou Dentetsu II	1994	Playing cards		
Super Off Road (USA, Europe)	Super Off Road	1992	Racing TPV/Racing, Driving	NMS Software	1-2
Super Pachinko Taisen (Japan) (SGB Enhanced)	Super Pachinko Taisen	1995	Casino	Kan's	1
Super R.C. Pro-Am (USA, Europe)	Super R.C. Pro-Am	1991	Racing, Driving	Rareware	1-4
Super Robot Taisen (Japan)	Super Robot Taisen	1991	Role Playing Game	Winky Soft	1-2
Super Scrabble (USA)	Super Scrabble	1991	Puzzle	Imagineer	1-2
Super Star Wars - Return of the Jedi (USA, Europe) (SGB Enhanced)	Super Star Wars : Return of the Jedi	1995	Platform	Realtime Associates	1
Super Street Basketball (Japan) (En)	Super Street Basketball	1992	Sports/Sports / Basketball	C-Lab	1
Super Street Basketball 2 (Japan) (En) (SGB Enhanced)	Super Street Basketball 2	1994	Sports / Basketball/Sports	Arcadia Systems	
Superman (USA, Europe) (SGB Enhanced)	Superman	1997	Platform	Titus	1
Sutte Hakkun (Japan) (Proto) (SGB Enhanced)	Sutte Hakkun				
Suzuki Aguri no F-1 Super Driving (Japan)	Aguri Suzuki F-1 Super Driving	1993	Racing, Driving	Pixel	1
Swamp Thing (USA, Europe)	Swamp Thing	1992	Platform	Imagineer	1
Sword of Hope II, The (USA)	The Sword of Hope II	1996	Puzzle/Role Playing Game	Kemco	1
Sword of Hope, The (USA)	The Sword of Hope	1991	Role Playing Game	Seika	1
T2 - The Arcade Game (USA, Europe)	T2 : The Arcade Game	1992	Shooter/Lightgun Shooter	LJN	1
Taikyoku Renju (Japan) (En,Ja)	Taikyoku Renju	1990	Renju/Asiatic board game		
Tail 'Gator (World) (Limited Run Games)	Tail 'Gator	1991	Platform	Natsume	1
Taito Variety Pack (Japan)	Taito Variety Pack	1997	Compilation	Taito	1
Taiyou no Tenshi Marlowe - Ohanabatake wa Dai-panic (Japan)	Taiyou no Tenshi Marlowe - Ohanabatake wa Dai-pani	1994	Puzzle	Quest	1
Taiyou no Yuusha - Fighbird GB (Japan)	Taiyou no Yuusha : Fighbird GB	1991	Shoot'em Up / Vertical/Shoot'em Up	Biox	1
Takeda Nobuhiro no Ace Striker (Japan)	Goal!	1993	Sports / Football (Soccer)/Sports	TOSE	1-2
TaleSpin (USA)	TaleSpin	1992	Shoot'em Up / Horizontal/Shoot'em Up	Dual	1
Tamagotchi (USA, Europe) (SGB Enhanced)	Tamagotchi	1997	Simulation	Bandai	1
Tarzan - Lord of the Jungle (USA, Europe)	Tarzan : Lord of the Jungle	1994	Platform	Eurocom	1
Tasmania Story (USA)	Tasmania Story	1991	Platform / Run & Jump/Platform	Pony Canyon	1
Taz-Mania 2 (USA)	Taz-Mania 2	1997	Platform	Beam Software	1
Tecmo Bowl (USA)	Tecmo Bowl	1991	Sports / Football (American)/Sports	Tecmo	1
Teenage Mutant Ninja Turtles - Fall of the Foot Clan (USA)	Teenage Mutant Ninja Turtles : Fall of the Foot Clan	1990	Platform	Ultra Games	1
Teenage Mutant Ninja Turtles II - Back from the Sewers (USA)	Teenage Mutant Ninja Turtles II : Back from the Sewers	1992	Platform	Konami	1
Teenage Mutant Ninja Turtles III - Radical Rescue (USA)	Teenage Mutant Ninja Turtles III : Radical Rescue	1993	Action / Adventure/Platform / Fighter Scrolling/Platform/Action	Konami	1
Tekichuu Rush (Japan)	Tekichuu Rush	1993	Horse racing/Sports with animals		
Tekkyu Fight! - The Great Battle Gaiden (Japan)	Tekkyu Fight! : The Great Battle Gaiden	1993		Sun L	1
Tenchi o Kurau (Japan)	Tenchi o Kurau	1994	Role Playing Game	Sun L	1
Tennis (World)	Tennis	1989	Sports / Tennis/Sports	Nintendo	1-2
Terminator 2 - Judgment Day (USA, Europe)	Terminator 2 : Judgment Day	1992	Platform	Bits Studios	1
Tesserae (USA)	Tesserae	1993	Puzzle	Eurocom	1-2
Tetris (Japan) (En)	Tetris	1989	Puzzle / Fall/Puzzle	Nintendo	1-2
Tetris 2 (USA)	Tetris 2	1993	Puzzle / Fall/Puzzle	Nintendo	1-2
Tetris Attack (USA, Europe) (SGB Enhanced)	Tetris Attack	1996	Puzzle	Intelligent Systems	1-2
Tetris Blast (USA, Europe) (SGB Enhanced)	Tetris Blast	1996	Puzzle	Bullet Proof Software	1-2
Tetris Plus (USA, Europe) (SGB Enhanced)	Tetris Plus	1997	Puzzle / Fall/Puzzle	Jaleco	1-2
Tintin - Prisoners of the Sun (Europe) (En,Fr,De)	Tintin : Prisoners of the Sun	1995	Platform	Bit Managers	1
Tintin in Tibet (Europe) (En,Fr,De,Nl) (SGB Enhanced)	Tintin In Tibet	1995	Platform	Infogrames	1
Tiny Toon Adventures - Babs' Big Break (USA, Europe)	Tiny Toon Adventures : Babs' Big Break	1992	Platform	Konami	1
Tiny Toon Adventures - Wacky Sports (USA)	Tiny Toon Adventures : Wacky Sports	1994	Sports	Konami	1-2
Tiny Toon Adventures 2 - Montana's Movie Madness (USA, Europe)	Tiny Toon Adventures 2 : Montana's Movie Madness	1993	Platform	Konami	1
Tip Off (Europe)	Tip Off	1992	Sports / Basketball/Sports	Enigma Variations	1-2
Titus the Fox (USA, Europe)	Titus the Fox : To Marrakech and Back	1993	Platform	Titus	1-2
Tokio Senki - Eiyuu Retsuden (Japan)	Tokio Senki : Eiyuu Retsuden	1992	Strategy		
Tokoro's Mahjong Jr. (Japan) (SGB Enhanced)	Tokoro's Mahjong Jr.	1994	Mahjong/Asiatic board game		
Tokyo Disneyland - Fantasy Tour (Japan) (SGB Enhanced)	Tokyo Disneyland : Fantasy Tour	1998		TOSE	
Tokyo Disneyland - Mickey no Cinderella-jou Mystery Tour (Japan) (SGB Enhanced)	Tokyo Disneyland - Mickey no Cinderella-jou Myster	1995		Graphic Research	1
Tom & Jerry (USA, Europe)	Tom & Jerry	1992	Platform	Beam Software	1
Tom and Jerry - Frantic Antics! (USA, Europe)	Tom and Jerry : Frantic Antics!	1993	Platform	Beam Software	1
Top Gun - Guts & Glory (USA, Europe)	Top Gun : Guts & Glory	1993	Simulation	Distinctive Software	1
Top Rank Tennis (USA)	Top Rank Tennis	1993	Sports/Sports / Tennis	Pax Softnica	1-4
Torpedo Range (USA)	Torpedo Range	1996	Shooter/Shoot'em Up / Vertical/Shoot'em Up	SETA	1
Total Carnage (USA, Europe)	Total Carnage	1994	Shooter / Run and Gun/Shooter	Midway	1
Tottemo! Lucky Man - Lucky Cookie Minna Daisuki!! (Japan) (SGB Enhanced)	Tottemo! Lucky Man : Lucky Cookie Minna Daisuki!!	1994	Board game		
Toxic Crusaders (USA)	Toxic Crusaders	1992	Platform	Realtime Associates	1
Toy Story (USA) (SGB Enhanced)	Toy Story	1996	Platform	Black Pearl Software	1
Track & Field (USA, Europe)	Track & Field	1992	Sports / Multisports/Sports	Konami	1
Track Meet (USA, Europe)	Track Meet	1991	Sports / Multisports/Sports	Interplay	1
Trax (USA, Europe)	Trax	1991	Shoot'em Up	HAL Laboratory	1-2
Trip World (World) (Limited Run Games)	Trip World	1992	Platform	Sunsoft	1
True Lies (USA, Europe)	True Lies	1995	Shooter	Beam Software	1
Trump Boy (Japan)	Trump Boy	1990			
Trump Boy II (Japan)	Trump Boy II	1990			
Trump Collection GB (Japan)	Trump Collection GB	1997	Casino / Cards/Casino		
Tsumego Series 1 - Fujisawa Hideyuki Meiyo Kisei (Japan) (SGB Enhanced)	Tsumego Series 1 : Fujisawa Hideyuki Meiyo Kisei	1994	Go/Asiatic board game		
Tsumeshougi - Hyakuban Shoubu (Japan)	Tsumeshougi : Hyakuban Shoubu	1994	Shougi/Asiatic board game	C-Lab	
Tsumeshougi - Kanki Godan (Japan) (SGB Enhanced)	Tsumeshougi : Kanki Godan	1994	Shougi/Asiatic board game		
Tsumeshougi - Mondai Teikyou Shougi Sekai (Japan)	Tsumeshougi : Mondai Teikyou Shougi Sekai	1994	Shougi/Asiatic board game	Use Corporation	
Tsuri Sensei (Japan) (SGB Enhanced)	Tsuri Sensei	1998	Fishing/Hunting and Fishing	Ocarina System	1-2
Tumble Pop (USA, Europe)	Tumble Pop	1993	Adventure/Platform	Data East	1
Turn and Burn - The F-14 Dogfight Simulator (USA)	Turn and Burn	1992		Imagineer	1
Turok - Battle of the Bionosaurs (USA, Europe) (En,Fr,De,Es)	Turok : Battle of the Bionosaurs	1998	Platform	Bit Managers	1
Turrican (USA, Europe)	Turrican	1991	Platform / Shooter Scrolling/Platform	The Code Monkeys	1
TV Champion (Japan) (SGB Enhanced)	Tv Champion				
Twin (Japan)	Twin	1992	Role Playing Game	Absolute Entertainment	1
Uchiiwai - Kyoudaijingi no Puzzle Game (Japan)	Uchiiwai : Kyoudaijingi no Puzzle Game	1994	Puzzle	Enigma Variations	1
Uchuu no Kishi Tekkaman Blade (Japan)	Uchuu no Kishi Tekkaman Blade	1992	Platform	Sun L	1
Uchuu Senkan Yamato (Japan)	Uchuu Senkan Yamato	1992	Strategy		
Ultima - Runes of Virtue (USA)	Ultima : Runes of Virtue	1992	Role Playing Game	ORIGIN Systems	1-2
Ultima - Runes of Virtue II (USA)	Ultima : Runes of Virtue II	1994	Role Playing Game	ORIGIN Systems	1-2
Ultra Golf (USA)	Ultra Golf	1992	Sports / Golf/Sports	Konami	1
Ultraman (Japan)	Ultraman	1991	Fighting	BEC	1
Ultraman Ball (Japan) (SGB Enhanced)	Ultraman Ball	1994	Platform	BEC	1
Ultraman Chou Toushi Gekiden (Japan) (SGB Enhanced)	Ultraman Chou Toushi Gekiden	1994			1
Ultraman Club - Tekikaijuu o Hakken seyo! (Japan)	Ultraman Club : Tekikaijuu o Hakken seyo!	1990	Strategy	TOSE	
Umi no Nushi Tsuri 2 (Japan) (SGB Enhanced)	Umi No Nushi Tsuri 2				
Undercover Cops Gaiden - Hakaishin Garumaa (Japan)	Undercover Cops Gaiden : Hakaishin Garumaa	1993	Board game/Role Playing Game/Playing cards	Irem	1
Universal Soldier (USA, Europe)	Universal Soldier	1992	Platform / Shooter Scrolling/Platform	The Code Monkeys	1
Uno - Small World (Japan)	Uno : Small World	1993	Playing cards		
Uno 2 - Small World (Japan) (SGB Enhanced)	Uno 2 : Small World	1995	Playing cards	Jupiter	
Urban Strike (USA, Europe) (SGB Enhanced)	Urban Strike	1996	Shooter	Foley	1
Urusei Yatsura - Miss Tomobiki o Sagase! (Japan)	Urusei Yatsura : Miss Tomobiki o Sagase!	1992	Role Playing Game	Kindle Imagine Develop	1
V-Rally - Championship Edition (Europe) (En,Fr,De)	V-Rally : Championship Edition	1998	Racing, Driving	Ocean	1
Vattle Giuce (Japan) (En)	Vattle Giuce	1991	Shoot'em Up / Vertical/Shoot'em Up	Natsu System	1
Vegas Stakes (USA, Europe) (SGB Enhanced)	Vegas Stakes	1995	Casino/Simulation/Various	HAL Laboratory	1
Versus Hero - Kakutou Ou e no Michi (Japan)	Versus Hero : Kakutou Ou e no Michi	1992	Fighting / 2D/Fighting		
Volley Fire (Japan)	Volley Fire	1990	Shooter/Shoot'em Up / Vertical/Shoot'em Up		1
Wario Blast Featuring Bomberman! (USA, Europe) (SGB Enhanced)	Wario Blast : Featuring Bomberman!	1994	Action/Action / Labyrinth/Action/Action/Action	Hudson Soft	1
Wario Land - Super Mario Land 3 (World)	Wario Land : Super Mario Land 3	1994	Platform/Platform / Run & Jump	Nintendo	1
Wario Land II (USA, Europe) (SGB Enhanced)	Wario Land II	1998	Platform / Run & Jump/Platform	Nintendo	1
Waterworld (Europe)	Waterworld	1995	Adventure	Power and Magic	1
Wave Race (USA, Europe)	Wave Race	1992	Sports / Water/Racing, Driving/Sports	Pax Softnica	1-4
Wayne's World (USA)	Wayne's World	1993	Platform	Robert Fiorini & Associates	1
WCW - The Main Event (USA, Europe)	WCW Main Event	1994	Sports / Wrestling/Fighting/Sports	Beam Software	1-2
We're Back! - A Dinosaur's Story (USA, Europe)	We're Back! : A Dinosaur's Story	1993	Platform	Beam Software	1
Wedding Peach - Jamapii Panic (Japan) (SGB Enhanced)	Wedding Peach : Jamapii Panic	1995	Puzzle	Atelier Double	1
Welcome Nakayoshi Park (Japan)	Welcome Nakayoshi Park	1994		Tom Create	1
Wheel of Fortune (USA)	Wheel of Fortune	1990	Quiz	Data Design	1-2
Who Framed Roger Rabbit (USA)	Who Framed Roger Rabbit	1991	Adventure	Capcom	1
Wild Snake (USA) (SGB Enhanced)	WildSnake	1994	Puzzle	Bullet Proof Software	1-2
Wily & Right no Rockboard - That's Paradise (Japan) (Proto)	Wily & Right no Rockboard - That's Paradise				
Winner's Horse (Japan)	Winner's Horse	1991	Horse racing/Sports with animals	Nippon Computer Systems (NCS)	
Winter Olympic Games (USA)	The XVII Olympic Winter Games : Lillehammer 1994	1994	Sports / Multisports/Sports	Unexpected Development	1-4
Wizardry Gaiden I - Joou no Junan (Japan)	Wizardry Gaiden 1 : Joou no Junan	1991	Role Playing Game	ASCII	1
Wizardry Gaiden II - Kodai Koutei no Noroi (Japan)	Wizardry Gaiden 2 : Kodai Koutei no Noroi	1992	Role Playing Game	ASCII	1
Wizardry Gaiden III - Yami no Seiten (Japan)	Wizardry Gaiden 3 : Yami no Seiten	1993	Role Playing Game	ASCII	1
Wizards & Warriors X - The Fortress of Fear (USA, Europe)	Wizards & Warriors Chapter X - The Fortress of Fear	1990	Platform / Fighter Scrolling/Platform	Rareware	1
Wordtris (USA)	Wordtris	1992	Puzzle	Spectrum Holobyte	1-4
WordZap (USA)	WordZap	1992	Puzzle	Realtime Associates	1-2
WorkBoy (USA) (Proto)	WorkBoy				
World Beach Volley - 1992 GB Cup (Europe)	World Beach Volley : 1992 GB Cup	1992	Sports / Volleyball/Sports	Graphic Research	1
World Bowling (USA)	World Bowling	1990	Sports / Bowling/Sports	Athena	1
World Circuit Series (USA)	World Circuit Series	1992	Racing, Driving	Konami	1-4
World Cup 98 (USA, Europe) (SGB Enhanced)	World Cup 98	1998	Sports / Football (Soccer)/Sports	Tiertex	1
World Cup USA 94 (Europe) (En,Fr,De,Es,It,Nl,Pt,Sv)	World Cup USA '94	1994	Sports / Football (Soccer)/Sports	Tiertex	1
World Heroes 2 Jet (USA, Europe) (SGB Enhanced)	World Heroes 2 Jet	1995	Fighting / Versus/Fighting	Takara	1-2
World Ice Hockey (Japan) (En)	World Ice Hockey	1991	Sports / Hockey/Sports	Athena	1
Worms (Europe)	Worms	1995	Strategy	East Point Software	1-2
WWF King of the Ring (USA, Europe)	WWF King of the Ring	1993	Sports / Fighting/Sports	Eastridge Technology	1-2
WWF Raw (USA, Europe)	WWF Raw	1994	Sports / Fighting/Sports	Realtime Associates	1-2
WWF Superstars (USA, Europe)	WWF Superstars	1991	Sports / Fighting/Sports	Rareware	1
WWF Superstars 2 (USA, Europe)	WWF Superstars 2	1993	Sports / Fighting/Sports	Sculptured Software	1-2
WWF War Zone (USA, Europe)	WWF War Zone	1998	Sports / Fighting/Sports	Crawfish Interactive	1
X (Japan)	X	1992	Shoot'em Up	Argonaut Software	1
Xenon 2 (USA, Europe)	Xenon 2	1992	Shoot'em Up / Vertical/Shoot'em Up	Teeny Weeny Games	1-2
Yakuman (Japan)	Yakuman	1989	Mahjong/Playing cards/Asiatic board game	Intelligent Systems	1-2
Yogi Bear's Gold Rush (USA)	Yogi Bear in Yogi Bear's Goldrush	1994	Adventure/Platform	Twilight	1
Yomihon Yumegoyomi - Tenjin Kaisen 2 (Japan)	Yomihon Yumegoyomi : Tenjin Kaisen 2	1992	Adventure	KAZe	1
Yoshi (USA)	Yoshi	1991	Puzzle	Game Freak	1-2
Yoshi's Cookie (USA, Europe)	Yoshi's Cookie	1993	Puzzle	Home Data	1-4
Yu Yu Hakusho (Japan)	Yu Yu Hakusho	1993	Fighting / 2D/Fighting	Tomy	
Yu Yu Hakusho Dai-2-dan - Ankoku Bujutsukai Hen (Japan)	Yu Yu Hakusho Dai-2-dan : Ankoku Bujutsukai Hen	1993	Fighting		
Yu Yu Hakusho Dai-3-dan - Makai no Tobira Hen (Japan)	Yu Yu Hakusho Dai-3-dan : Makai no Tobira Hen	1994	Role Playing Game	Tomy	1
Yu Yu Hakusho Dai-4-dan - Makai Touitsu Hen (Japan) (SGB Enhanced)	Yu Yu Hakusho Dai-4-dan : Makai Touitsu Hen	1994	Fighting / Versus/Fighting		1-2
Yu-Gi-Oh! Duel Monsters (Japan) (SGB Enhanced)	Yu-Gi-Oh! Duel Monsters	1998	Role Playing Game	Konami	1
Zen - Intergalactic Ninja (USA)	Zen : Intergalactic Ninja	1993	Platform	Konami	1
Zen-Nihon Pro Wrestling Jet (Japan) (SGB Enhanced)	Zen-nihon Pro Wrestling Jet				
Zerd no Densetsu (Japan)	Zerd no Densetsu	1991	Role Playing Game	Graphic Research	
Zerd no Densetsu 2 - Xerd!! Gishin no Ryouiki (Japan)	Zerd no Densetsu 2 : Xerd!! Gishin no Ryouiki	1993	Role Playing Game	Graphic Research	1
Zettai Muteki Raijin-Oh (Japan)	Zettai Muteki Raijin-Oh	1991	Fighting	Tomy	1
Zoids Densetsu (Japan)	Zoids Densetsu	1990	Shoot'em Up / Horizontal/Shoot'em Up	Nova Co	1-2
Zool - Ninja of the 'Nth' Dimension (USA)	Zool : Ninja of the “Nth” Dimension	1993	Platform	Gremlin Graphics Software	1
Zoop (USA, Europe)	Zoop	1995	Puzzle	Hookstone	1-2
